Data,Empresa,Categoria,Produto,Quantidade,Quantidade Prevista,Preço,Preço Americanas,Preço Martins,Preço Vila Nova,Preço Recomendado Minimo,Preço Recomendado Medio,Preco AI
1/1/20,UNILEVER PERFUMARIA,SABONETE EM BARRA,183740,6389.017927,7388.017927,1.99,2.29,1.69,2.09,1.64,2.02,1.83
1/2/20,UNILEVER PERFUMARIA,SABONETE EM BARRA,183740,6382.337205,6300.337205,1.99,1.78,2.40,2.09,1.73,2.09,1.91
1/3/20,UNILEVER PERFUMARIA,SABONETE EM BARRA,183740,6382.137062,6194.137062,1.99,1.30,1.69,1.85,1.26,1.61,1.44
1/4/20,UNILEVER PERFUMARIA,SABONETE EM BARRA,183740,6539.802035,6780.802035,2.03,2.29,1.69,2.09,1.64,2.02,1.83
1/5/20,UNILEVER PERFUMARIA,SABONETE EM BARRA,183740,6328.785522,6253.785522,2.43,2.61,1.84,2.09,1.78,2.18,1.98
1/6/20,UNILEVER PERFUMARIA,SABONETE EM BARRA,183740,6612.207929,7027.207929,2.40,2.86,1.63,1.82,1.58,2.10,1.84
1/7/20,UNILEVER PERFUMARIA,SABONETE EM BARRA,183740,6507.269965,5508.269965,2.83,2.29,1.28,1.93,1.24,1.83,1.54
1/8/20,UNILEVER PERFUMARIA,SABONETE EM BARRA,183740,6651.168796,5866.168796,1.53,2.29,1.69,2.09,1.48,2.02,1.75
1/9/20,UNILEVER PERFUMARIA,SABONETE EM BARRA,183740,6283.965541,5945.965541,2.39,1.62,1.21,1.50,1.17,1.44,1.31
1/10/20,UNILEVER PERFUMARIA,SABONETE EM BARRA,183740,6362.509826,6186.509826,2.87,2.22,1.69,2.09,1.64,2.00,1.82
1/11/20,UNILEVER PERFUMARIA,SABONETE EM BARRA,183740,6354.51003,6793.51003,1.09,2.29,1.02,2.09,0.99,1.80,1.39
1/12/20,UNILEVER PERFUMARIA,SABONETE EM BARRA,183740,6546.601135,7233.601135,2.64,2.29,1.69,1.69,1.64,1.89,1.76
1/13/20,UNILEVER PERFUMARIA,SABONETE EM BARRA,183740,6421.144519,5964.144519,1.99,2.29,1.82,2.09,1.77,2.07,1.92
1/14/20,UNILEVER PERFUMARIA,SABONETE EM BARRA,183740,6709.877015,6813.877015,1.42,2.29,2.26,2.09,1.38,2.21,1.80
1/15/20,UNILEVER PERFUMARIA,SABONETE EM BARRA,183740,6655.436928,5669.436928,1.99,2.29,1.90,2.02,1.84,2.07,1.96
1/16/20,UNILEVER PERFUMARIA,SABONETE EM BARRA,183740,6428.155144,5747.155144,1.99,1.31,1.69,2.56,1.27,1.85,1.56
1/17/20,UNILEVER PERFUMARIA,SABONETE EM BARRA,183740,6353.522519,7220.522519,1.99,1.83,2.29,2.09,1.78,2.07,1.92
1/18/20,UNILEVER PERFUMARIA,SABONETE EM BARRA,183740,6678.26051,6315.26051,1.55,2.29,2.47,1.29,1.25,2.02,1.63
1/19/20,UNILEVER PERFUMARIA,SABONETE EM BARRA,183740,6321.814356,6384.814356,2.13,3.19,0.89,2.22,0.86,2.10,1.48
1/20/20,UNILEVER PERFUMARIA,SABONETE EM BARRA,183740,6283.157868,5801.157868,1.12,2.29,1.44,2.09,1.09,1.94,1.51
1/21/20,UNILEVER PERFUMARIA,SABONETE EM BARRA,183740,6322.799024,6274.799024,1.99,1.48,0.99,2.62,0.96,1.70,1.33
1/22/20,UNILEVER PERFUMARIA,SABONETE EM BARRA,183740,6393.284358,7093.284358,2.29,1.46,1.69,1.12,1.09,1.42,1.25
1/23/20,UNILEVER PERFUMARIA,SABONETE EM BARRA,183740,6394.068913,5949.068913,1.99,2.94,1.80,2.09,1.75,2.28,2.01
1/24/20,UNILEVER PERFUMARIA,SABONETE EM BARRA,183740,6632.507902,6654.507902,1.99,2.88,1.69,2.02,1.64,2.20,1.92
1/25/20,UNILEVER PERFUMARIA,SABONETE EM BARRA,183740,6612.759066,5631.759066,1.53,2.29,2.03,2.85,1.48,2.39,1.94
1/26/20,UNILEVER PERFUMARIA,SABONETE EM BARRA,183740,6293.10222,6923.10222,2.94,2.29,1.63,2.09,1.58,2.00,1.79
1/27/20,UNILEVER PERFUMARIA,SABONETE EM BARRA,183740,6251.355505,7090.355505,2.56,2.68,1.69,2.09,1.64,2.15,1.90
1/28/20,UNILEVER PERFUMARIA,SABONETE EM BARRA,183740,6551.281973,7021.281973,2.46,2.42,1.01,2.09,0.98,1.84,1.41
1/29/20,UNILEVER PERFUMARIA,SABONETE EM BARRA,183740,6624.390308,6846.390308,1.99,2.92,1.05,2.09,1.02,2.02,1.52
1/30/20,UNILEVER PERFUMARIA,SABONETE EM BARRA,183740,6393.336758,6654.336758,1.67,1.68,1.69,1.64,1.59,1.67,1.63
1/31/20,UNILEVER PERFUMARIA,SABONETE EM BARRA,183740,6336.123316,6215.123316,1.99,2.29,1.69,2.09,1.64,2.02,1.83
2/1/20,UNILEVER PERFUMARIA,SABONETE EM BARRA,183740,6349.306193,5624.306193,1.99,1.36,1.95,1.79,1.32,1.70,1.51
2/2/20,UNILEVER PERFUMARIA,SABONETE EM BARRA,183740,6419.357034,6270.357034,1.12,1.60,2.30,2.77,1.09,2.22,1.65
2/3/20,UNILEVER PERFUMARIA,SABONETE EM BARRA,183740,6370.124093,6441.124093,1.81,2.29,1.69,2.09,1.64,2.02,1.83
2/4/20,UNILEVER PERFUMARIA,SABONETE EM BARRA,183740,6679.209002,7167.209002,2.43,3.15,2.59,2.80,2.36,2.85,2.60
2/5/20,UNILEVER PERFUMARIA,SABONETE EM BARRA,183740,6730.194928,7417.194928,2.08,2.29,1.13,1.67,1.10,1.70,1.40
2/6/20,UNILEVER PERFUMARIA,SABONETE EM BARRA,183740,6523.647804,6579.647804,2.89,2.24,1.61,2.42,1.56,2.09,1.83
2/7/20,UNILEVER PERFUMARIA,SABONETE EM BARRA,183740,6582.072485,6381.072485,1.99,2.87,1.84,1.48,1.44,2.06,1.75
2/8/20,UNILEVER PERFUMARIA,SABONETE EM BARRA,183740,6341.583212,7017.583212,1.02,2.63,1.69,2.09,0.99,2.14,1.56
2/9/20,UNILEVER PERFUMARIA,SABONETE EM BARRA,183740,6724.164982,7058.164982,1.92,2.29,1.03,3.04,1.00,2.12,1.56
2/10/20,UNILEVER PERFUMARIA,SABONETE EM BARRA,183740,6670.943539,6581.943539,1.15,1.66,2.31,3.05,1.12,2.34,1.73
2/11/20,UNILEVER PERFUMARIA,SABONETE EM BARRA,183740,6680.736305,6834.736305,1.83,2.29,0.77,2.09,0.75,1.72,1.23
2/12/20,UNILEVER PERFUMARIA,SABONETE EM BARRA,183740,6680.878585,6207.878585,2.06,2.29,1.08,3.06,1.05,2.14,1.60
2/13/20,UNILEVER PERFUMARIA,SABONETE EM BARRA,183740,6263.676186,6111.676186,1.49,2.05,2.58,2.09,1.45,2.24,1.84
2/14/20,UNILEVER PERFUMARIA,SABONETE EM BARRA,183740,6333.895856,5915.895856,2.52,1.96,1.09,2.09,1.06,1.71,1.39
2/15/20,UNILEVER PERFUMARIA,SABONETE EM BARRA,183740,6595.997919,7540.997919,1.99,2.29,1.04,2.09,1.01,1.81,1.41
2/16/20,UNILEVER PERFUMARIA,SABONETE EM BARRA,183740,6473.71176,6634.71176,2.73,2.29,1.69,2.22,1.64,2.07,1.85
2/17/20,UNILEVER PERFUMARIA,SABONETE EM BARRA,183740,6408.897877,6413.897877,2.52,2.54,1.24,1.72,1.20,1.83,1.52
2/18/20,UNILEVER PERFUMARIA,SABONETE EM BARRA,183740,6367.849796,6185.849796,1.69,1.37,1.30,2.09,1.26,1.59,1.42
2/19/20,UNILEVER PERFUMARIA,SABONETE EM BARRA,183740,6715.989945,6012.989945,1.37,1.48,2.42,1.68,1.33,1.86,1.59
2/20/20,UNILEVER PERFUMARIA,SABONETE EM BARRA,183740,6244.552976,6776.552976,2.31,2.29,1.93,2.09,1.87,2.10,1.99
2/21/20,UNILEVER PERFUMARIA,SABONETE EM BARRA,183740,6420.971128,5919.971128,2.93,2.29,1.41,1.80,1.37,1.83,1.60
2/22/20,UNILEVER PERFUMARIA,SABONETE EM BARRA,183740,6594.416257,6699.416257,2.87,2.29,1.69,2.09,1.64,2.02,1.83
2/23/20,UNILEVER PERFUMARIA,SABONETE EM BARRA,183740,6611.242369,7304.242369,1.49,2.88,2.62,1.20,1.16,2.23,1.70
2/24/20,UNILEVER PERFUMARIA,SABONETE EM BARRA,183740,6247.503884,6636.503884,2.50,2.50,1.51,1.20,1.16,1.74,1.45
2/25/20,UNILEVER PERFUMARIA,SABONETE EM BARRA,183740,6727.978086,7088.978086,1.99,2.29,0.87,3.04,0.84,2.07,1.46
2/26/20,UNILEVER PERFUMARIA,SABONETE EM BARRA,183740,6364.763542,6405.763542,2.95,3.00,1.45,1.42,1.38,1.96,1.67
2/27/20,UNILEVER PERFUMARIA,SABONETE EM BARRA,183740,6458.921551,6774.921551,1.72,2.72,0.86,2.97,0.83,2.18,1.51
2/28/20,UNILEVER PERFUMARIA,SABONETE EM BARRA,183740,6535.452303,5748.452303,1.06,2.29,2.22,1.16,1.03,1.89,1.46
2/29/20,UNILEVER PERFUMARIA,SABONETE EM BARRA,183740,6309.522448,6820.522448,1.99,1.53,1.69,2.75,1.48,1.99,1.74
3/1/20,UNILEVER PERFUMARIA,SABONETE EM BARRA,183740,6539.059993,6607.059993,1.63,2.29,1.69,2.16,1.58,2.05,1.81
3/2/20,UNILEVER PERFUMARIA,SABONETE EM BARRA,183740,6692.264511,7530.264511,2.35,2.73,2.25,2.09,2.03,2.36,2.19
3/3/20,UNILEVER PERFUMARIA,SABONETE EM BARRA,183740,6670.321297,7276.321297,2.96,2.07,1.69,2.09,1.64,1.95,1.79
3/4/20,UNILEVER PERFUMARIA,SABONETE EM BARRA,183740,6323.060676,7161.060676,1.99,1.67,0.85,1.40,0.82,1.31,1.07
3/5/20,UNILEVER PERFUMARIA,SABONETE EM BARRA,183740,6454.646959,6649.646959,1.13,2.29,2.67,2.09,1.10,2.35,1.72
3/6/20,UNILEVER PERFUMARIA,SABONETE EM BARRA,183740,6733.929568,6488.929568,1.80,3.17,2.51,2.11,1.75,2.60,2.17
3/7/20,UNILEVER PERFUMARIA,SABONETE EM BARRA,183740,6658.689288,6634.689288,2.93,2.56,2.14,2.09,2.03,2.26,2.15
3/8/20,UNILEVER PERFUMARIA,SABONETE EM BARRA,183740,6628.338943,5707.338943,2.60,2.29,1.80,2.70,1.75,2.26,2.00
3/9/20,UNILEVER PERFUMARIA,SABONETE EM BARRA,183740,6314.062186,5816.062186,1.99,2.29,1.68,2.80,1.63,2.26,1.94
3/10/20,UNILEVER PERFUMARIA,SABONETE EM BARRA,183740,6519.021476,7388.021476,1.32,2.29,1.69,2.84,1.28,2.27,1.78
3/11/20,UNILEVER PERFUMARIA,SABONETE EM BARRA,183740,6394.623889,5765.623889,1.99,3.15,1.69,1.57,1.52,2.14,1.83
3/12/20,UNILEVER PERFUMARIA,SABONETE EM BARRA,183740,6555.134349,6453.134349,1.99,2.84,0.76,2.09,0.74,1.90,1.32
3/13/20,UNILEVER PERFUMARIA,SABONETE EM BARRA,183740,6310.883369,6892.883369,1.44,3.09,1.69,1.28,1.24,2.02,1.63
3/14/20,UNILEVER PERFUMARIA,SABONETE EM BARRA,183740,6597.453945,7376.453945,2.55,1.86,1.69,1.77,1.64,1.77,1.71
3/15/20,UNILEVER PERFUMARIA,SABONETE EM BARRA,183740,6680.982951,5928.982951,1.99,2.05,2.60,2.09,1.93,2.25,2.09
3/16/20,UNILEVER PERFUMARIA,SABONETE EM BARRA,183740,6355.00409,6272.00409,1.78,2.29,1.69,1.53,1.48,1.84,1.66
3/17/20,UNILEVER PERFUMARIA,SABONETE EM BARRA,183740,6703.267613,6566.267613,1.14,2.09,1.91,2.01,1.11,2.00,1.55
3/18/20,UNILEVER PERFUMARIA,SABONETE EM BARRA,183740,6651.420521,7151.420521,1.99,3.19,1.86,2.09,1.80,2.38,2.09
3/19/20,UNILEVER PERFUMARIA,SABONETE EM BARRA,183740,6602.458962,6340.458962,1.60,2.29,2.14,2.71,1.55,2.38,1.97
3/20/20,UNILEVER PERFUMARIA,SABONETE EM BARRA,183740,6666.391692,5864.391692,1.52,1.85,1.47,1.63,1.43,1.65,1.54
3/21/20,UNILEVER PERFUMARIA,SABONETE EM BARRA,183740,6287.642957,5930.642957,2.47,2.93,2.61,2.09,2.03,2.54,2.29
3/22/20,UNILEVER PERFUMARIA,SABONETE EM BARRA,183740,6510.860942,5822.860942,1.05,2.41,1.16,1.60,1.02,1.72,1.37
3/23/20,UNILEVER PERFUMARIA,SABONETE EM BARRA,183740,6378.025345,5816.025345,1.64,1.76,2.64,1.67,1.59,2.02,1.81
3/24/20,UNILEVER PERFUMARIA,SABONETE EM BARRA,183740,6557.162318,6528.162318,1.99,2.29,1.52,2.26,1.47,2.02,1.75
3/25/20,UNILEVER PERFUMARIA,SABONETE EM BARRA,183740,6543.935603,6052.935603,1.06,2.29,1.69,1.37,1.03,1.78,1.41
3/26/20,UNILEVER PERFUMARIA,SABONETE EM BARRA,183740,6580.694259,6033.694259,1.99,2.55,1.21,1.73,1.17,1.83,1.50
3/27/20,UNILEVER PERFUMARIA,SABONETE EM BARRA,183740,6488.667744,6126.667744,1.05,2.29,1.69,1.40,1.02,1.79,1.41
3/28/20,UNILEVER PERFUMARIA,SABONETE EM BARRA,183740,6472.650808,5908.650808,2.53,1.88,2.61,2.56,1.82,2.35,2.09
3/29/20,UNILEVER PERFUMARIA,SABONETE EM BARRA,183740,6310.764099,5446.764099,2.55,2.74,1.69,1.84,1.64,2.09,1.86
3/30/20,UNILEVER PERFUMARIA,SABONETE EM BARRA,183740,6389.111476,7178.111476,1.83,1.40,1.69,2.45,1.36,1.85,1.60
3/31/20,UNILEVER PERFUMARIA,SABONETE EM BARRA,183740,6649.737478,6241.737478,2.88,2.29,1.69,1.14,1.11,1.71,1.41
4/1/20,UNILEVER PERFUMARIA,SABONETE EM BARRA,183740,6616.714846,7312.714846,1.99,1.88,1.85,1.42,1.38,1.72,1.55
4/2/20,UNILEVER PERFUMARIA,SABONETE EM BARRA,183740,6480.85652,6516.85652,1.75,2.30,0.90,2.09,0.87,1.76,1.32
4/3/20,UNILEVER PERFUMARIA,SABONETE EM BARRA,183740,6362.60297,6595.60297,1.99,1.41,1.81,2.04,1.37,1.75,1.56
4/4/20,UNILEVER PERFUMARIA,SABONETE EM BARRA,183740,6615.963684,6495.963684,2.43,1.53,1.69,1.85,1.48,1.69,1.59
4/5/20,UNILEVER PERFUMARIA,SABONETE EM BARRA,183740,6315.390526,5583.390526,2.03,2.29,1.69,2.51,1.64,2.16,1.90
4/6/20,UNILEVER PERFUMARIA,SABONETE EM BARRA,183740,6310.556938,5733.556938,2.61,2.35,2.16,2.09,2.03,2.20,2.11
4/7/20,UNILEVER PERFUMARIA,SABONETE EM BARRA,183740,6737.356137,6045.356137,1.99,3.06,1.90,3.00,1.84,2.65,2.25
4/8/20,UNILEVER PERFUMARIA,SABONETE EM BARRA,183740,6696.69462,7129.69462,1.76,2.46,2.32,2.99,1.71,2.59,2.15
4/9/20,UNILEVER PERFUMARIA,SABONETE EM BARRA,183740,6458.847954,6701.847954,1.88,2.29,2.67,2.11,1.82,2.36,2.09
4/10/20,UNILEVER PERFUMARIA,SABONETE EM BARRA,183740,6508.083679,7124.083679,2.56,2.78,1.69,1.28,1.24,1.92,1.58
4/11/20,UNILEVER PERFUMARIA,SABONETE EM BARRA,183740,6577.208768,5843.208768,2.11,2.22,1.92,2.09,1.86,2.08,1.97
4/12/20,UNILEVER PERFUMARIA,SABONETE EM BARRA,183740,6301.30413,5946.30413,2.61,2.37,2.34,3.06,2.27,2.59,2.43
4/13/20,UNILEVER PERFUMARIA,SABONETE EM BARRA,183740,6518.667684,6174.667684,1.04,2.37,1.69,1.87,1.01,1.98,1.49
4/14/20,UNILEVER PERFUMARIA,SABONETE EM BARRA,183740,6449.907304,5781.907304,1.99,1.46,1.69,1.17,1.13,1.44,1.29
4/15/20,UNILEVER PERFUMARIA,SABONETE EM BARRA,183740,6674.461294,6998.461294,1.99,2.41,2.38,2.09,1.93,2.29,2.11
4/16/20,UNILEVER PERFUMARIA,SABONETE EM BARRA,183740,6609.242927,6048.242927,2.63,2.29,2.23,1.92,1.86,2.15,2.00
4/17/20,UNILEVER PERFUMARIA,SABONETE EM BARRA,183740,6386.887464,5785.887464,2.39,2.29,1.69,2.09,1.64,2.02,1.83
4/18/20,UNILEVER PERFUMARIA,SABONETE EM BARRA,183740,6484.985772,5576.985772,1.22,2.83,1.69,2.09,1.18,2.20,1.69
4/19/20,UNILEVER PERFUMARIA,SABONETE EM BARRA,183740,6678.097283,7117.097283,2.14,2.29,1.40,2.80,1.36,2.16,1.76
4/20/20,UNILEVER PERFUMARIA,SABONETE EM BARRA,183740,6657.950104,6434.950104,1.99,2.64,1.69,2.41,1.64,2.25,1.94
4/21/20,UNILEVER PERFUMARIA,SABONETE EM BARRA,183740,6379.706054,5747.706054,1.69,2.98,1.08,2.50,1.05,2.19,1.62
4/22/20,UNILEVER PERFUMARIA,SABONETE EM BARRA,183740,6265.217084,6810.217084,1.99,2.64,1.52,2.09,1.47,2.08,1.78
4/23/20,UNILEVER PERFUMARIA,SABONETE EM BARRA,183740,6498.33868,6028.33868,1.99,2.29,0.87,2.09,0.84,1.75,1.30
4/24/20,UNILEVER PERFUMARIA,SABONETE EM BARRA,183740,6677.907819,7617.907819,1.99,2.01,1.26,1.31,1.22,1.53,1.37
4/25/20,UNILEVER PERFUMARIA,SABONETE EM BARRA,183740,6597.488598,6532.488598,1.99,2.29,2.06,2.02,1.93,2.12,2.03
4/26/20,UNILEVER PERFUMARIA,SABONETE EM BARRA,183740,6392.695752,5473.695752,1.99,1.74,2.42,1.83,1.69,2.00,1.84
4/27/20,UNILEVER PERFUMARIA,SABONETE EM BARRA,183740,6386.552317,6462.552317,1.94,1.54,0.89,1.22,0.86,1.22,1.04
4/28/20,UNILEVER PERFUMARIA,SABONETE EM BARRA,183740,6693.35555,6039.35555,2.13,2.29,1.69,1.33,1.29,1.77,1.53
4/29/20,UNILEVER PERFUMARIA,SABONETE EM BARRA,183740,6564.583252,6831.583252,2.92,2.29,1.69,2.09,1.64,2.02,1.83
4/30/20,UNILEVER PERFUMARIA,SABONETE EM BARRA,183740,6340.42085,5567.42085,2.25,2.46,1.69,1.46,1.42,1.87,1.64
5/1/20,UNILEVER PERFUMARIA,SABONETE EM BARRA,183740,6717.597728,6213.597728,1.99,2.29,1.69,1.20,1.16,1.73,1.45
5/2/20,UNILEVER PERFUMARIA,SABONETE EM BARRA,183740,6283.91796,6324.91796,2.09,2.72,1.13,2.09,1.10,1.98,1.54
5/3/20,UNILEVER PERFUMARIA,SABONETE EM BARRA,183740,6460.860271,7251.860271,1.46,3.04,1.69,3.08,1.42,2.60,2.01
5/4/20,UNILEVER PERFUMARIA,SABONETE EM BARRA,183740,6251.107625,6466.107625,2.81,1.81,1.69,1.27,1.23,1.59,1.41
5/5/20,UNILEVER PERFUMARIA,SABONETE EM BARRA,183740,6713.560849,6071.560849,1.58,2.45,2.66,1.41,1.37,2.17,1.77
5/6/20,UNILEVER PERFUMARIA,SABONETE EM BARRA,183740,6331.129944,6727.129944,1.40,1.87,1.69,2.17,1.36,1.91,1.63
5/7/20,UNILEVER PERFUMARIA,SABONETE EM BARRA,183740,6315.958135,5809.958135,0.99,1.73,1.69,2.73,0.96,2.05,1.51
5/8/20,UNILEVER PERFUMARIA,SABONETE EM BARRA,183740,6571.889929,6685.889929,2.37,2.29,1.69,2.09,1.64,2.02,1.83
5/9/20,UNILEVER PERFUMARIA,SABONETE EM BARRA,183740,6293.342094,7213.342094,1.80,2.29,1.69,2.69,1.64,2.22,1.93
5/10/20,UNILEVER PERFUMARIA,SABONETE EM BARRA,183740,6347.248705,6356.248705,1.99,2.33,1.69,2.09,1.64,2.04,1.84
5/11/20,UNILEVER PERFUMARIA,SABONETE EM BARRA,183740,6464.596228,6740.596228,1.99,2.14,1.69,2.65,1.64,2.16,1.90
5/12/20,UNILEVER PERFUMARIA,SABONETE EM BARRA,183740,6654.739484,7031.739484,2.88,1.74,1.53,1.19,1.15,1.49,1.32
5/13/20,UNILEVER PERFUMARIA,SABONETE EM BARRA,183740,6306.414716,5992.414716,1.99,1.70,1.69,1.83,1.64,1.74,1.69
5/14/20,UNILEVER PERFUMARIA,SABONETE EM BARRA,183740,6269.01002,7016.01002,2.48,2.79,1.69,2.50,1.64,2.33,1.98
5/15/20,UNILEVER PERFUMARIA,SABONETE EM BARRA,183740,6546.294133,5580.294133,2.07,2.29,1.69,2.09,1.64,2.02,1.83
5/16/20,UNILEVER PERFUMARIA,SABONETE EM BARRA,183740,6401.249395,5883.249395,1.61,2.75,0.94,2.55,0.91,2.08,1.50
5/17/20,UNILEVER PERFUMARIA,SABONETE EM BARRA,183740,6545.330731,6287.330731,1.53,2.63,1.33,2.13,1.29,2.03,1.66
5/18/20,UNILEVER PERFUMARIA,SABONETE EM BARRA,183740,6574.80859,5636.80859,2.62,1.82,1.69,2.09,1.64,1.87,1.75
5/19/20,UNILEVER PERFUMARIA,SABONETE EM BARRA,183740,6611.283833,6306.283833,2.29,3.27,1.69,2.09,1.64,2.35,1.99
5/20/20,UNILEVER PERFUMARIA,SABONETE EM BARRA,183740,6290.483678,6892.483678,1.99,2.52,1.69,2.21,1.64,2.14,1.89
5/21/20,UNILEVER PERFUMARIA,SABONETE EM BARRA,183740,6299.503757,6323.503757,2.00,2.29,2.41,2.57,1.94,2.42,2.18
5/22/20,UNILEVER PERFUMARIA,SABONETE EM BARRA,183740,6353.150461,6024.150461,1.53,1.80,1.38,1.29,1.25,1.49,1.37
5/23/20,UNILEVER PERFUMARIA,SABONETE EM BARRA,183740,6568.565095,5656.565095,2.88,3.09,1.02,1.85,0.99,1.99,1.49
5/24/20,UNILEVER PERFUMARIA,SABONETE EM BARRA,183740,6598.27469,6205.27469,1.28,1.59,2.55,1.59,1.24,1.91,1.58
5/25/20,UNILEVER PERFUMARIA,SABONETE EM BARRA,183740,6433.895205,7298.895205,1.65,2.29,1.69,2.09,1.60,2.02,1.81
5/26/20,UNILEVER PERFUMARIA,SABONETE EM BARRA,183740,6423.535524,5663.535524,2.90,2.69,1.69,2.09,1.64,2.16,1.90
5/27/20,UNILEVER PERFUMARIA,SABONETE EM BARRA,183740,6657.881549,6981.881549,2.54,2.35,1.69,2.09,1.64,2.04,1.84
5/28/20,UNILEVER PERFUMARIA,SABONETE EM BARRA,183740,6493.985724,6428.985724,1.99,3.14,1.69,2.09,1.64,2.31,1.97
5/29/20,UNILEVER PERFUMARIA,SABONETE EM BARRA,183740,6539.030743,7359.030743,2.41,2.24,1.28,3.07,1.24,2.20,1.72
5/30/20,UNILEVER PERFUMARIA,SABONETE EM BARRA,183740,6673.114432,6048.114432,1.99,2.30,1.69,2.03,1.64,2.01,1.82
5/31/20,UNILEVER PERFUMARIA,SABONETE EM BARRA,183740,6732.982843,5958.982843,1.96,2.29,0.74,2.29,0.72,1.77,1.25
6/1/20,UNILEVER PERFUMARIA,SABONETE EM BARRA,183740,6518.982541,5685.982541,2.51,2.97,2.48,2.09,2.03,2.51,2.27
6/2/20,UNILEVER PERFUMARIA,SABONETE EM BARRA,183740,6309.518761,6798.518761,1.82,3.16,1.05,2.89,1.02,2.37,1.69
6/3/20,UNILEVER PERFUMARIA,SABONETE EM BARRA,183740,6288.061197,7062.061197,2.98,1.95,2.19,1.11,1.08,1.75,1.41
6/4/20,UNILEVER PERFUMARIA,SABONETE EM BARRA,183740,6474.882563,5928.882563,1.88,2.29,1.69,3.03,1.64,2.34,1.99
6/5/20,UNILEVER PERFUMARIA,SABONETE EM BARRA,183740,6303.701471,6865.701471,2.38,2.92,1.92,2.09,1.86,2.31,2.09
6/6/20,UNILEVER PERFUMARIA,SABONETE EM BARRA,183740,6672.830567,7524.830567,2.18,2.29,2.58,2.09,2.03,2.32,2.17
6/7/20,UNILEVER PERFUMARIA,SABONETE EM BARRA,183740,6462.196063,5844.196063,2.80,1.39,2.12,1.33,1.29,1.61,1.45
6/8/20,UNILEVER PERFUMARIA,SABONETE EM BARRA,183740,6560.339265,6156.339265,2.77,1.35,1.69,2.75,1.31,1.93,1.62
6/9/20,UNILEVER PERFUMARIA,SABONETE EM BARRA,183740,6316.502506,6047.502506,1.99,2.51,1.09,2.09,1.06,1.90,1.48
6/10/20,UNILEVER PERFUMARIA,SABONETE EM BARRA,183740,6561.282427,5568.282427,2.96,2.08,2.42,2.09,2.02,2.20,2.11
6/11/20,UNILEVER PERFUMARIA,SABONETE EM BARRA,183740,6339.941651,5535.941651,1.99,2.29,0.84,2.22,0.81,1.78,1.30
6/12/20,UNILEVER PERFUMARIA,SABONETE EM BARRA,183740,6604.007144,5653.007144,1.63,2.29,1.20,2.09,1.16,1.86,1.51
6/13/20,UNILEVER PERFUMARIA,SABONETE EM BARRA,183740,6305.319655,6727.319655,1.99,2.29,1.96,2.93,1.90,2.39,2.15
6/14/20,UNILEVER PERFUMARIA,SABONETE EM BARRA,183740,6399.144997,6579.144997,1.99,2.29,0.86,2.63,0.83,1.93,1.38
6/15/20,UNILEVER PERFUMARIA,SABONETE EM BARRA,183740,6483.394069,7447.394069,1.99,2.29,1.69,2.50,1.64,2.16,1.90
6/16/20,UNILEVER PERFUMARIA,SABONETE EM BARRA,183740,6721.683318,6264.683318,1.99,2.29,1.69,2.09,1.64,2.02,1.83
6/17/20,UNILEVER PERFUMARIA,SABONETE EM BARRA,183740,6670.290587,7414.290587,1.21,2.45,2.56,2.09,1.17,2.37,1.77
6/18/20,UNILEVER PERFUMARIA,SABONETE EM BARRA,183740,6522.657457,6287.657457,1.99,3.05,2.48,2.68,1.93,2.74,2.33
6/19/20,UNILEVER PERFUMARIA,SABONETE EM BARRA,183740,6390.468374,6470.468374,1.99,2.19,1.54,2.09,1.49,1.94,1.72
6/20/20,UNILEVER PERFUMARIA,SABONETE EM BARRA,183740,6257.03744,5512.03744,1.79,1.83,1.47,2.60,1.43,1.97,1.70
6/21/20,UNILEVER PERFUMARIA,SABONETE EM BARRA,183740,6514.938441,6008.938441,1.26,2.75,2.59,2.09,1.22,2.48,1.85
6/22/20,UNILEVER PERFUMARIA,SABONETE EM BARRA,183740,6575.215102,6939.215102,1.06,3.29,0.71,2.08,0.69,2.03,1.36
6/23/20,UNILEVER PERFUMARIA,SABONETE EM BARRA,183740,6664.019397,5880.019397,1.99,1.78,0.81,1.38,0.79,1.32,1.05
6/24/20,UNILEVER PERFUMARIA,SABONETE EM BARRA,183740,6707.151567,7045.151567,1.99,1.44,1.69,2.18,1.40,1.77,1.58
6/25/20,UNILEVER PERFUMARIA,SABONETE EM BARRA,183740,6482.704485,6155.704485,1.99,1.66,2.04,1.41,1.37,1.70,1.54
6/26/20,UNILEVER PERFUMARIA,SABONETE EM BARRA,183740,6353.655341,6224.655341,1.54,1.34,2.50,2.64,1.30,2.16,1.73
6/27/20,UNILEVER PERFUMARIA,SABONETE EM BARRA,183740,6540.394876,6856.394876,1.99,2.96,1.14,2.77,1.11,2.29,1.70
6/28/20,UNILEVER PERFUMARIA,SABONETE EM BARRA,183740,6654.328127,5721.328127,1.27,1.38,1.53,1.54,1.23,1.48,1.36
6/29/20,UNILEVER PERFUMARIA,SABONETE EM BARRA,183740,6399.424325,7184.424325,2.70,1.64,1.69,2.68,1.59,2.00,1.80
6/30/20,UNILEVER PERFUMARIA,SABONETE EM BARRA,183740,6480.950178,6613.950178,1.99,2.29,1.69,1.43,1.39,1.80,1.60
7/1/20,UNILEVER PERFUMARIA,SABONETE EM BARRA,183740,6342.213286,5389.213286,2.04,1.49,1.16,1.13,1.10,1.26,1.18
7/2/20,UNILEVER PERFUMARIA,SABONETE EM BARRA,183740,6733.926482,6045.926482,1.53,2.29,1.43,2.23,1.39,1.98,1.69
7/3/20,UNILEVER PERFUMARIA,SABONETE EM BARRA,183740,6542.852722,6738.852722,2.92,2.29,1.24,1.96,1.20,1.83,1.52
7/4/20,UNILEVER PERFUMARIA,SABONETE EM BARRA,183740,6359.242804,6451.242804,1.40,1.36,1.69,1.85,1.32,1.63,1.48
7/5/20,UNILEVER PERFUMARIA,SABONETE EM BARRA,183740,6481.59019,5653.59019,1.43,2.29,1.41,1.32,1.28,1.67,1.48
7/6/20,UNILEVER PERFUMARIA,SABONETE EM BARRA,183740,6379.030125,7188.030125,2.84,1.61,2.29,2.09,1.56,2.00,1.78
7/7/20,UNILEVER PERFUMARIA,SABONETE EM BARRA,183740,6257.849301,6034.849301,2.18,2.29,1.12,1.28,1.09,1.56,1.32
7/8/20,UNILEVER PERFUMARIA,SABONETE EM BARRA,183740,6523.919196,5719.919196,1.99,2.29,1.76,1.80,1.71,1.95,1.83
7/9/20,UNILEVER PERFUMARIA,SABONETE EM BARRA,183740,6388.917107,7348.917107,2.25,1.65,1.69,2.09,1.60,1.81,1.71
7/10/20,UNILEVER PERFUMARIA,SABONETE EM BARRA,183740,6518.883724,7061.883724,2.46,1.92,1.69,1.48,1.44,1.70,1.57
7/11/20,UNILEVER PERFUMARIA,SABONETE EM BARRA,183740,6620.971348,7592.971348,1.99,1.49,2.32,2.09,1.45,1.97,1.71
7/12/20,UNILEVER PERFUMARIA,SABONETE EM BARRA,183740,6251.502004,5786.502004,1.99,2.78,2.16,2.13,1.93,2.36,2.14
7/13/20,UNILEVER PERFUMARIA,SABONETE EM BARRA,183740,6728.696617,6896.696617,1.26,2.29,1.69,1.71,1.22,1.90,1.56
7/14/20,UNILEVER PERFUMARIA,SABONETE EM BARRA,183740,6389.095316,7256.095316,1.99,3.28,1.69,2.09,1.64,2.35,2.00
7/15/20,UNILEVER PERFUMARIA,SABONETE EM BARRA,183740,6333.701032,5529.701032,1.77,2.72,1.70,2.09,1.65,2.17,1.91
7/16/20,UNILEVER PERFUMARIA,SABONETE EM BARRA,183740,6513.298724,7337.298724,1.99,2.18,1.79,1.68,1.63,1.88,1.76
7/17/20,UNILEVER PERFUMARIA,SABONETE EM BARRA,183740,6559.833078,6329.833078,2.17,2.29,1.63,2.13,1.58,2.02,1.80
7/18/20,UNILEVER PERFUMARIA,SABONETE EM BARRA,183740,6327.643261,6461.643261,1.44,2.05,1.69,1.85,1.40,1.86,1.63
7/19/20,UNILEVER PERFUMARIA,SABONETE EM BARRA,183740,6261.212768,5626.212768,1.99,1.66,1.69,2.00,1.61,1.78,1.70
7/20/20,UNILEVER PERFUMARIA,SABONETE EM BARRA,183740,6322.277822,5342.277822,1.61,3.24,1.45,2.63,1.41,2.44,1.92
7/21/20,UNILEVER PERFUMARIA,SABONETE EM BARRA,183740,6616.583802,6346.583802,2.41,2.73,1.69,2.86,1.64,2.43,2.03
7/22/20,UNILEVER PERFUMARIA,SABONETE EM BARRA,183740,6522.046847,5847.046847,1.99,2.29,1.69,2.09,1.64,2.02,1.83
7/23/20,UNILEVER PERFUMARIA,SABONETE EM BARRA,183740,6392.115889,6227.115889,2.25,2.29,1.69,2.09,1.64,2.02,1.83
7/24/20,UNILEVER PERFUMARIA,SABONETE EM BARRA,183740,6266.951768,6422.951768,2.83,2.29,2.49,2.50,2.22,2.43,2.32
7/25/20,UNILEVER PERFUMARIA,SABONETE EM BARRA,183740,6540.486919,6289.486919,2.08,1.63,1.68,2.09,1.58,1.80,1.69
7/26/20,UNILEVER PERFUMARIA,SABONETE EM BARRA,183740,6552.72327,7174.72327,2.05,2.78,1.67,2.88,1.62,2.44,2.03
7/27/20,UNILEVER PERFUMARIA,SABONETE EM BARRA,183740,6369.161631,5395.161631,2.35,2.44,1.74,1.91,1.69,2.03,1.86
7/28/20,UNILEVER PERFUMARIA,SABONETE EM BARRA,183740,6544.95625,5644.95625,2.46,2.29,1.69,1.75,1.64,1.91,1.77
7/29/20,UNILEVER PERFUMARIA,SABONETE EM BARRA,183740,6544.896252,6924.896252,1.99,1.43,1.19,1.10,1.07,1.24,1.15
7/30/20,UNILEVER PERFUMARIA,SABONETE EM BARRA,183740,6631.318282,5675.318282,1.81,3.27,1.40,2.09,1.36,2.25,1.81
7/31/20,UNILEVER PERFUMARIA,SABONETE EM BARRA,183740,6511.423919,7134.423919,1.99,2.56,1.20,2.09,1.16,1.95,1.56
8/1/20,UNILEVER PERFUMARIA,SABONETE EM BARRA,183740,6416.82241,5738.82241,1.29,1.58,1.24,2.09,1.20,1.64,1.42
8/2/20,UNILEVER PERFUMARIA,SABONETE EM BARRA,183740,6393.990917,7132.990917,1.73,2.29,1.38,3.06,1.34,2.24,1.79
8/3/20,UNILEVER PERFUMARIA,SABONETE EM BARRA,183740,6732.162315,6108.162315,1.99,2.52,2.21,2.09,1.93,2.27,2.10
8/4/20,UNILEVER PERFUMARIA,SABONETE EM BARRA,183740,6658.94865,6751.94865,1.99,2.29,1.69,2.93,1.64,2.30,1.97
8/5/20,UNILEVER PERFUMARIA,SABONETE EM BARRA,183740,6576.334243,5705.334243,2.42,2.68,1.69,2.09,1.64,2.15,1.90
8/6/20,UNILEVER PERFUMARIA,SABONETE EM BARRA,183740,6609.486154,7284.486154,1.99,2.61,1.11,2.09,1.08,1.94,1.51
8/7/20,UNILEVER PERFUMARIA,SABONETE EM BARRA,183740,6292.770635,6159.770635,2.87,3.05,1.69,1.97,1.64,2.24,1.94
8/8/20,UNILEVER PERFUMARIA,SABONETE EM BARRA,183740,6643.992986,6074.992986,2.65,2.29,1.69,1.83,1.64,1.94,1.79
8/9/20,UNILEVER PERFUMARIA,SABONETE EM BARRA,183740,6654.386356,7371.386356,2.41,3.12,1.12,2.09,1.09,2.11,1.60
8/10/20,UNILEVER PERFUMARIA,SABONETE EM BARRA,183740,6393.022978,6979.022978,1.65,1.68,1.18,2.09,1.14,1.65,1.40
8/11/20,UNILEVER PERFUMARIA,SABONETE EM BARRA,183740,6528.327212,6816.327212,1.99,1.52,0.89,2.09,0.86,1.50,1.18
8/12/20,UNILEVER PERFUMARIA,SABONETE EM BARRA,183740,6707.628163,6822.628163,1.99,3.11,1.19,2.52,1.15,2.27,1.71
8/13/20,UNILEVER PERFUMARIA,SABONETE EM BARRA,183740,6252.606253,6079.606253,2.85,3.28,1.94,2.09,1.88,2.44,2.16
8/14/20,UNILEVER PERFUMARIA,SABONETE EM BARRA,183740,6466.497819,5801.497819,2.27,2.29,2.32,1.40,1.36,2.00,1.68
8/15/20,UNILEVER PERFUMARIA,SABONETE EM BARRA,183740,6571.879824,5657.879824,2.05,2.35,1.03,2.48,1.00,1.95,1.48
8/16/20,UNILEVER PERFUMARIA,SABONETE EM BARRA,183740,6544.163114,6789.163114,1.04,2.69,1.69,2.67,1.01,2.35,1.68
8/17/20,UNILEVER PERFUMARIA,SABONETE EM BARRA,183740,6294.137001,6967.137001,1.99,1.69,2.61,2.99,1.64,2.43,2.03
8/18/20,UNILEVER PERFUMARIA,SABONETE EM BARRA,183740,6375.990064,7014.990064,2.68,2.19,1.12,2.51,1.09,1.94,1.51
8/19/20,UNILEVER PERFUMARIA,SABONETE EM BARRA,183740,6316.289977,5320.289977,1.99,1.94,1.66,2.09,1.61,1.90,1.75
8/20/20,UNILEVER PERFUMARIA,SABONETE EM BARRA,183740,6604.584368,6592.584368,1.54,2.29,2.50,2.09,1.49,2.29,1.89
8/21/20,UNILEVER PERFUMARIA,SABONETE EM BARRA,183740,6344.431589,5414.431589,1.99,2.29,0.88,2.09,0.85,1.75,1.30
8/22/20,UNILEVER PERFUMARIA,SABONETE EM BARRA,183740,6287.722109,7168.722109,2.16,3.04,1.65,2.07,1.60,2.25,1.93
8/23/20,UNILEVER PERFUMARIA,SABONETE EM BARRA,183740,6493.667563,6215.667563,1.74,2.29,2.59,2.09,1.69,2.32,2.01
8/24/20,UNILEVER PERFUMARIA,SABONETE EM BARRA,183740,6618.107162,7360.107162,2.19,1.43,2.28,2.09,1.39,1.93,1.66
8/25/20,UNILEVER PERFUMARIA,SABONETE EM BARRA,183740,6513.784796,6494.784796,2.15,2.76,1.40,2.09,1.36,2.08,1.72
8/26/20,UNILEVER PERFUMARIA,SABONETE EM BARRA,183740,6626.049844,7583.049844,2.24,1.34,2.31,1.32,1.28,1.66,1.47
8/27/20,UNILEVER PERFUMARIA,SABONETE EM BARRA,183740,6374.676745,5895.676745,2.50,1.36,0.79,2.22,0.77,1.46,1.11
8/28/20,UNILEVER PERFUMARIA,SABONETE EM BARRA,183740,6366.045063,6560.045063,2.35,2.53,1.69,2.01,1.64,2.08,1.86
8/29/20,UNILEVER PERFUMARIA,SABONETE EM BARRA,183740,6280.58469,5870.58469,1.99,2.29,1.69,2.47,1.64,2.15,1.89
8/30/20,UNILEVER PERFUMARIA,SABONETE EM BARRA,183740,6616.857783,7257.857783,1.99,2.29,1.55,2.16,1.50,2.00,1.75
8/31/20,UNILEVER PERFUMARIA,SABONETE EM BARRA,183740,6498.190728,6864.190728,1.27,1.84,2.51,2.09,1.23,2.15,1.69
9/1/20,UNILEVER PERFUMARIA,SABONETE EM BARRA,183740,6334.17546,5560.17546,2.79,1.70,1.69,2.09,1.64,1.83,1.73
9/2/20,UNILEVER PERFUMARIA,SABONETE EM BARRA,183740,6572.071101,7119.071101,2.74,1.81,1.76,2.10,1.71,1.89,1.80
9/3/20,UNILEVER PERFUMARIA,SABONETE EM BARRA,183740,6646.91721,6263.91721,1.83,1.89,2.03,2.09,1.78,2.00,1.89
9/4/20,UNILEVER PERFUMARIA,SABONETE EM BARRA,183740,6293.982315,6497.982315,1.66,2.29,2.58,2.09,1.61,2.32,1.97
9/5/20,UNILEVER PERFUMARIA,SABONETE EM BARRA,183740,6642.428009,7533.428009,1.99,2.29,1.43,2.09,1.39,1.94,1.66
9/6/20,UNILEVER PERFUMARIA,SABONETE EM BARRA,183740,6658.602995,7017.602995,1.99,2.29,2.10,2.09,1.93,2.16,2.05
9/7/20,UNILEVER PERFUMARIA,SABONETE EM BARRA,183740,6249.881485,7136.881485,1.88,2.86,2.14,2.83,1.82,2.61,2.22
9/8/20,UNILEVER PERFUMARIA,SABONETE EM BARRA,183740,6584.849407,6937.849407,1.99,2.72,2.44,2.19,1.93,2.45,2.19
9/9/20,UNILEVER PERFUMARIA,SABONETE EM BARRA,183740,6514.234538,6526.234538,1.99,2.18,1.69,1.92,1.64,1.93,1.78
9/10/20,UNILEVER PERFUMARIA,SABONETE EM BARRA,183740,6405.642676,5765.642676,1.99,2.29,1.36,2.09,1.32,1.91,1.62
9/11/20,UNILEVER PERFUMARIA,SABONETE EM BARRA,183740,6659.692926,5810.692926,1.33,1.96,1.32,2.49,1.28,1.92,1.60
9/12/20,UNILEVER PERFUMARIA,SABONETE EM BARRA,183740,6293.281584,5501.281584,1.99,2.74,1.89,2.09,1.83,2.24,2.04
9/13/20,UNILEVER PERFUMARIA,SABONETE EM BARRA,183740,6490.175772,7329.175772,2.41,3.26,1.21,2.09,1.17,2.19,1.68
9/14/20,UNILEVER PERFUMARIA,SABONETE EM BARRA,183740,6608.244267,6284.244267,1.99,1.95,1.69,2.93,1.64,2.19,1.91
9/15/20,UNILEVER PERFUMARIA,SABONETE EM BARRA,183740,6522.897968,5933.897968,1.99,2.29,1.77,2.72,1.72,2.26,1.99
9/16/20,UNILEVER PERFUMARIA,SABONETE EM BARRA,183740,6545.274073,6749.274073,1.99,2.58,2.06,2.09,1.93,2.24,2.09
9/17/20,UNILEVER PERFUMARIA,SABONETE EM BARRA,183740,6666.048379,6485.048379,1.99,2.29,1.69,2.09,1.64,2.02,1.83
9/18/20,UNILEVER PERFUMARIA,SABONETE EM BARRA,183740,6642.285048,6151.285048,1.45,1.52,1.11,2.09,1.08,1.57,1.33
9/19/20,UNILEVER PERFUMARIA,SABONETE EM BARRA,183740,6540.259521,6611.259521,2.21,1.56,1.11,2.31,1.08,1.66,1.37
9/20/20,UNILEVER PERFUMARIA,SABONETE EM BARRA,183740,6455.450869,6237.450869,1.99,2.75,1.21,1.60,1.17,1.85,1.51
9/21/20,UNILEVER PERFUMARIA,SABONETE EM BARRA,183740,6544.511298,6062.511298,2.37,2.82,0.75,2.09,0.73,1.89,1.31
9/22/20,UNILEVER PERFUMARIA,SABONETE EM BARRA,183740,6655.848896,6339.848896,1.99,2.91,1.69,2.70,1.64,2.43,2.04
9/23/20,UNILEVER PERFUMARIA,SABONETE EM BARRA,183740,6394.420207,7177.420207,1.48,1.66,1.99,1.27,1.23,1.64,1.44
9/24/20,UNILEVER PERFUMARIA,SABONETE EM BARRA,183740,6574.138578,6186.138578,2.15,3.18,1.81,2.09,1.76,2.36,2.06
9/25/20,UNILEVER PERFUMARIA,SABONETE EM BARRA,183740,6284.590967,6745.590967,1.99,2.62,1.69,1.33,1.29,1.88,1.59
9/26/20,UNILEVER PERFUMARIA,SABONETE EM BARRA,183740,6345.158815,6496.158815,2.27,3.03,1.61,2.09,1.56,2.24,1.90
9/27/20,UNILEVER PERFUMARIA,SABONETE EM BARRA,183740,6352.269289,5954.269289,1.99,2.33,1.04,2.09,1.01,1.82,1.41
9/28/20,UNILEVER PERFUMARIA,SABONETE EM BARRA,183740,6471.342494,6742.342494,1.62,2.73,2.09,2.70,1.57,2.51,2.04
9/29/20,UNILEVER PERFUMARIA,SABONETE EM BARRA,183740,6497.521078,6825.521078,2.05,3.14,1.44,1.44,1.40,2.01,1.70
9/30/20,UNILEVER PERFUMARIA,SABONETE EM BARRA,183740,6500.940364,7005.940364,2.21,2.29,1.79,2.09,1.74,2.06,1.90
10/1/20,UNILEVER PERFUMARIA,SABONETE EM BARRA,183740,6378.117182,5693.117182,2.82,1.58,1.69,1.51,1.46,1.59,1.53
10/2/20,UNILEVER PERFUMARIA,SABONETE EM BARRA,183740,6658.881456,7610.881456,2.45,2.29,2.42,2.78,2.22,2.50,2.36
10/3/20,UNILEVER PERFUMARIA,SABONETE EM BARRA,183740,6614.051846,6597.051846,2.96,2.29,2.23,1.66,1.61,2.06,1.84
10/4/20,UNILEVER PERFUMARIA,SABONETE EM BARRA,183740,6623.031974,7085.031974,2.44,2.29,1.30,2.09,1.26,1.89,1.58
10/5/20,UNILEVER PERFUMARIA,SABONETE EM BARRA,183740,6712.288998,6893.288998,1.39,3.27,2.25,1.89,1.35,2.47,1.91
10/6/20,UNILEVER PERFUMARIA,SABONETE EM BARRA,183740,6574.547592,6973.547592,2.12,1.70,1.69,1.46,1.42,1.62,1.52
10/7/20,UNILEVER PERFUMARIA,SABONETE EM BARRA,183740,6615.904909,6168.904909,2.22,2.39,2.27,2.72,2.15,2.46,2.31
10/8/20,UNILEVER PERFUMARIA,SABONETE EM BARRA,183740,6681.290045,7306.290045,2.31,2.75,1.69,2.85,1.64,2.43,2.03
10/9/20,UNILEVER PERFUMARIA,SABONETE EM BARRA,183740,6476.410717,5809.410717,2.62,2.29,1.69,2.80,1.64,2.26,1.95
10/10/20,UNILEVER PERFUMARIA,SABONETE EM BARRA,183740,6518.439248,6262.439248,1.99,2.29,0.93,1.44,0.90,1.55,1.23
10/11/20,UNILEVER PERFUMARIA,SABONETE EM BARRA,183740,6416.001831,6600.001831,2.29,1.93,1.79,1.48,1.44,1.73,1.58
10/12/20,UNILEVER PERFUMARIA,SABONETE EM BARRA,183740,6565.902074,6983.902074,2.15,2.46,2.17,2.09,2.03,2.24,2.13
10/13/20,UNILEVER PERFUMARIA,SABONETE EM BARRA,183740,6649.096422,6329.096422,2.20,3.21,1.08,2.09,1.05,2.13,1.59
10/14/20,UNILEVER PERFUMARIA,SABONETE EM BARRA,183740,6640.557395,5964.557395,2.73,1.96,2.39,2.09,1.90,2.15,2.02
10/15/20,UNILEVER PERFUMARIA,SABONETE EM BARRA,183740,6498.869918,7344.869918,1.75,2.89,2.44,1.32,1.28,2.22,1.75
10/16/20,UNILEVER PERFUMARIA,SABONETE EM BARRA,183740,6721.393106,6120.393106,1.99,1.44,1.74,2.09,1.40,1.76,1.58
10/17/20,UNILEVER PERFUMARIA,SABONETE EM BARRA,183740,6617.342323,7372.342323,1.99,2.29,2.20,2.03,1.93,2.17,2.05
10/18/20,UNILEVER PERFUMARIA,SABONETE EM BARRA,183740,6671.348778,7483.348778,2.21,2.29,1.69,2.80,1.64,2.26,1.95
10/19/20,UNILEVER PERFUMARIA,SABONETE EM BARRA,183740,6534.866691,6628.866691,1.99,1.69,1.69,2.09,1.64,1.82,1.73
10/20/20,UNILEVER PERFUMARIA,SABONETE EM BARRA,183740,6472.702399,5802.702399,2.24,3.06,0.72,2.09,0.70,1.96,1.33
10/21/20,UNILEVER PERFUMARIA,SABONETE EM BARRA,183740,6587.839088,5998.839088,1.99,3.28,1.69,1.73,1.64,2.23,1.94
10/22/20,UNILEVER PERFUMARIA,SABONETE EM BARRA,183740,6355.050689,5709.050689,1.68,2.48,1.69,1.39,1.35,1.85,1.60
10/23/20,UNILEVER PERFUMARIA,SABONETE EM BARRA,183740,6303.344883,6367.344883,1.24,2.15,1.16,2.09,1.13,1.80,1.46
10/24/20,UNILEVER PERFUMARIA,SABONETE EM BARRA,183740,6364.335731,5745.335731,1.99,2.34,1.69,1.72,1.64,1.92,1.78
10/25/20,UNILEVER PERFUMARIA,SABONETE EM BARRA,183740,6471.286237,6147.286237,1.25,2.40,1.02,2.69,0.99,2.04,1.51
10/26/20,UNILEVER PERFUMARIA,SABONETE EM BARRA,183740,6595.771073,5798.771073,1.80,2.80,1.69,2.09,1.64,2.19,1.92
10/27/20,UNILEVER PERFUMARIA,SABONETE EM BARRA,183740,6381.005201,7096.005201,1.99,2.29,1.69,2.09,1.64,2.02,1.83
10/28/20,UNILEVER PERFUMARIA,SABONETE EM BARRA,183740,6680.369054,6999.369054,1.08,2.50,2.13,2.09,1.05,2.24,1.64
10/29/20,UNILEVER PERFUMARIA,SABONETE EM BARRA,183740,6282.567325,7094.567325,2.14,2.71,1.69,3.05,1.64,2.48,2.06
10/30/20,UNILEVER PERFUMARIA,SABONETE EM BARRA,183740,6604.961149,6455.961149,1.78,2.29,1.69,2.45,1.64,2.14,1.89
10/31/20,UNILEVER PERFUMARIA,SABONETE EM BARRA,183740,6624.340805,5821.340805,1.53,1.87,1.01,1.97,0.98,1.62,1.30
11/1/20,UNILEVER PERFUMARIA,SABONETE EM BARRA,183740,6562.440242,6514.440242,1.99,2.65,2.09,2.09,1.93,2.28,2.10
11/2/20,UNILEVER PERFUMARIA,SABONETE EM BARRA,183740,6675.656784,6293.656784,1.24,1.91,1.69,2.48,1.20,2.03,1.61
11/3/20,UNILEVER PERFUMARIA,SABONETE EM BARRA,183740,6674.233448,6189.233448,1.99,2.29,0.75,1.11,0.73,1.38,1.06
11/4/20,UNILEVER PERFUMARIA,SABONETE EM BARRA,183740,6299.803349,6445.803349,1.64,2.29,1.69,2.54,1.59,2.17,1.88
11/5/20,UNILEVER PERFUMARIA,SABONETE EM BARRA,183740,6597.682278,6349.682278,1.99,1.38,1.69,2.09,1.34,1.72,1.53
11/6/20,UNILEVER PERFUMARIA,SABONETE EM BARRA,183740,6693.137534,6556.137534,1.99,2.24,1.69,2.09,1.64,2.01,1.82
11/7/20,UNILEVER PERFUMARIA,SABONETE EM BARRA,183740,6487.59672,5589.59672,1.81,2.31,1.69,1.23,1.19,1.74,1.47
11/8/20,UNILEVER PERFUMARIA,SABONETE EM BARRA,183740,6724.05679,5733.05679,2.45,2.29,1.69,2.11,1.64,2.03,1.83
11/9/20,UNILEVER PERFUMARIA,SABONETE EM BARRA,183740,6577.153541,6539.153541,1.54,2.29,1.12,2.09,1.09,1.83,1.46
11/10/20,UNILEVER PERFUMARIA,SABONETE EM BARRA,183740,6653.083201,5795.083201,2.57,2.90,1.69,2.70,1.64,2.43,2.03
11/11/20,UNILEVER PERFUMARIA,SABONETE EM BARRA,183740,6265.73672,7054.73672,1.07,1.88,1.66,1.17,1.04,1.57,1.30
11/12/20,UNILEVER PERFUMARIA,SABONETE EM BARRA,183740,6657.841191,5913.841191,2.48,2.41,1.30,2.09,1.26,1.93,1.60
11/13/20,UNILEVER PERFUMARIA,SABONETE EM BARRA,183740,6724.088884,7615.088884,1.99,2.67,1.69,1.66,1.61,2.01,1.81
11/14/20,UNILEVER PERFUMARIA,SABONETE EM BARRA,183740,6664.500217,7198.500217,1.99,2.29,1.94,2.09,1.88,2.11,1.99
11/15/20,UNILEVER PERFUMARIA,SABONETE EM BARRA,183740,6634.138633,7080.138633,2.27,2.29,1.46,2.89,1.42,2.21,1.81
11/16/20,UNILEVER PERFUMARIA,SABONETE EM BARRA,183740,6483.348126,5825.348126,1.99,2.29,1.69,2.09,1.64,2.02,1.83
11/17/20,UNILEVER PERFUMARIA,SABONETE EM BARRA,183740,6344.288711,6281.288711,1.89,2.68,1.32,1.16,1.13,1.72,1.42
11/18/20,UNILEVER PERFUMARIA,SABONETE EM BARRA,183740,6354.185617,6019.185617,2.92,2.10,1.69,2.82,1.64,2.20,1.92
11/19/20,UNILEVER PERFUMARIA,SABONETE EM BARRA,183740,6588.217353,7027.217353,1.17,1.63,0.89,3.08,0.86,1.87,1.36
11/20/20,UNILEVER PERFUMARIA,SABONETE EM BARRA,183740,6628.431754,6640.431754,2.72,2.07,1.37,2.48,1.33,1.97,1.65
11/21/20,UNILEVER PERFUMARIA,SABONETE EM BARRA,183740,6371.76832,6167.76832,2.53,2.29,1.20,2.09,1.16,1.86,1.51
11/22/20,UNILEVER PERFUMARIA,SABONETE EM BARRA,183740,6634.924419,7181.924419,2.23,2.29,1.69,2.73,1.64,2.24,1.94
11/23/20,UNILEVER PERFUMARIA,SABONETE EM BARRA,183740,6577.884178,7252.884178,1.99,3.15,1.69,1.88,1.64,2.24,1.94
11/24/20,UNILEVER PERFUMARIA,SABONETE EM BARRA,183740,6491.673079,6500.673079,1.99,2.69,1.42,2.90,1.38,2.34,1.86
11/25/20,UNILEVER PERFUMARIA,SABONETE EM BARRA,183740,6424.519739,5914.519739,1.47,2.29,1.88,2.09,1.43,2.09,1.76
11/26/20,UNILEVER PERFUMARIA,SABONETE EM BARRA,183740,6340.992809,6268.992809,2.79,3.07,1.38,2.09,1.34,2.18,1.76
11/27/20,UNILEVER PERFUMARIA,SABONETE EM BARRA,183740,6706.317075,6721.317075,1.85,1.53,1.58,2.09,1.48,1.73,1.61
11/28/20,UNILEVER PERFUMARIA,SABONETE EM BARRA,183740,6571.300678,6171.300678,1.99,2.51,1.69,2.09,1.64,2.10,1.87
11/29/20,UNILEVER PERFUMARIA,SABONETE EM BARRA,183740,6478.669347,6746.669347,1.54,2.29,2.61,2.52,1.49,2.47,1.98
11/30/20,UNILEVER PERFUMARIA,SABONETE EM BARRA,183740,6348.661994,5602.661994,1.29,2.74,2.63,2.09,1.25,2.49,1.87
12/1/20,UNILEVER PERFUMARIA,SABONETE EM BARRA,183740,6579.110643,6999.110643,2.75,2.05,2.28,2.09,1.99,2.14,2.06
12/2/20,UNILEVER PERFUMARIA,SABONETE EM BARRA,183740,6354.800242,5487.800242,2.45,2.29,0.75,2.90,0.73,1.98,1.35
12/3/20,UNILEVER PERFUMARIA,SABONETE EM BARRA,183740,6440.812833,6658.812833,2.30,1.87,1.12,1.68,1.09,1.56,1.32
12/4/20,UNILEVER PERFUMARIA,SABONETE EM BARRA,183740,6283.521181,6371.521181,2.43,2.29,0.97,2.09,0.94,1.78,1.36
12/5/20,UNILEVER PERFUMARIA,SABONETE EM BARRA,183740,6566.439127,7171.439127,2.72,2.29,1.69,1.87,1.64,1.95,1.79
12/6/20,UNILEVER PERFUMARIA,SABONETE EM BARRA,183740,6481.240037,5669.240037,1.99,1.71,2.47,2.52,1.66,2.23,1.95
12/7/20,UNILEVER PERFUMARIA,SABONETE EM BARRA,183740,6494.498087,5722.498087,2.61,2.29,1.69,2.48,1.64,2.15,1.90
12/8/20,UNILEVER PERFUMARIA,SABONETE EM BARRA,183740,6326.612283,6535.612283,1.96,2.34,1.82,2.70,1.77,2.29,2.03
12/9/20,UNILEVER PERFUMARIA,SABONETE EM BARRA,183740,6503.747293,7401.747293,2.49,2.29,2.43,2.09,2.03,2.27,2.15
12/10/20,UNILEVER PERFUMARIA,SABONETE EM BARRA,183740,6336.889539,6656.889539,2.66,3.03,1.48,1.55,1.44,2.02,1.73
12/11/20,UNILEVER PERFUMARIA,SABONETE EM BARRA,183740,6365.259839,6286.259839,1.99,3.20,2.45,2.97,1.93,2.87,2.40
12/12/20,UNILEVER PERFUMARIA,SABONETE EM BARRA,183740,6591.087473,7505.087473,2.19,1.67,1.45,1.76,1.41,1.63,1.52
12/13/20,UNILEVER PERFUMARIA,SABONETE EM BARRA,183740,6397.487484,7057.487484,2.88,2.63,1.69,2.46,1.64,2.26,1.95
12/14/20,UNILEVER PERFUMARIA,SABONETE EM BARRA,183740,6485.430695,5807.430695,1.99,2.77,1.69,2.09,1.64,2.18,1.91
12/15/20,UNILEVER PERFUMARIA,SABONETE EM BARRA,183740,6668.085018,7461.085018,1.70,3.00,1.69,2.58,1.64,2.42,2.03
12/16/20,UNILEVER PERFUMARIA,SABONETE EM BARRA,183740,6680.723376,6570.723376,1.75,2.27,1.69,1.94,1.64,1.97,1.80
12/17/20,UNILEVER PERFUMARIA,SABONETE EM BARRA,183740,6556.674011,5815.674011,2.84,1.94,1.69,2.99,1.64,2.21,1.92
12/18/20,UNILEVER PERFUMARIA,SABONETE EM BARRA,183740,6321.825607,7281.825607,1.99,2.29,1.69,2.82,1.64,2.27,1.95
12/19/20,UNILEVER PERFUMARIA,SABONETE EM BARRA,183740,6443.508977,5471.508977,1.84,2.68,0.81,2.24,0.79,1.91,1.35
12/20/20,UNILEVER PERFUMARIA,SABONETE EM BARRA,183740,6660.798762,6572.798762,1.99,1.72,2.32,2.67,1.67,2.24,1.95
12/21/20,UNILEVER PERFUMARIA,SABONETE EM BARRA,183740,6601.49795,7535.49795,1.99,2.14,1.69,1.89,1.64,1.91,1.77
12/22/20,UNILEVER PERFUMARIA,SABONETE EM BARRA,183740,6499.845618,6931.845618,1.21,2.58,1.69,2.15,1.17,2.14,1.66
12/23/20,UNILEVER PERFUMARIA,SABONETE EM BARRA,183740,6269.275063,6716.275063,1.51,3.12,1.20,2.09,1.16,2.14,1.65
12/24/20,UNILEVER PERFUMARIA,SABONETE EM BARRA,183740,6337.824614,5844.824614,1.99,2.55,2.09,1.77,1.72,2.14,1.93
12/25/20,UNILEVER PERFUMARIA,SABONETE EM BARRA,183740,6500.517089,6338.517089,2.82,2.29,2.50,2.09,2.03,2.29,2.16
12/26/20,UNILEVER PERFUMARIA,SABONETE EM BARRA,183740,6673.690068,6356.690068,1.99,2.54,1.69,2.40,1.64,2.21,1.92
12/27/20,UNILEVER PERFUMARIA,SABONETE EM BARRA,183740,6705.491724,7507.491724,2.85,1.33,2.04,2.09,1.29,1.82,1.56
12/28/20,UNILEVER PERFUMARIA,SABONETE EM BARRA,183740,6643.99053,6982.99053,1.68,1.78,0.97,2.09,0.94,1.61,1.28
12/29/20,UNILEVER PERFUMARIA,SABONETE EM BARRA,183740,6630.813604,6942.813604,1.02,1.91,1.63,1.88,0.99,1.81,1.40
12/30/20,UNILEVER PERFUMARIA,SABONETE EM BARRA,183740,6286.020601,6379.020601,1.99,2.30,1.69,2.09,1.64,2.03,1.83
12/31/20,UNILEVER PERFUMARIA,SABONETE EM BARRA,183740,6326.401637,5588.401637,1.99,1.58,2.26,1.93,1.53,1.92,1.73
1/1/21,UNILEVER PERFUMARIA,SABONETE EM BARRA,183740,6479.057858,5997.057858,1.14,1.40,1.80,2.44,1.11,1.88,1.49
1/2/21,UNILEVER PERFUMARIA,SABONETE EM BARRA,183740,6514.013849,7294.013849,1.76,2.98,2.60,1.12,1.09,2.23,1.66
1/3/21,UNILEVER PERFUMARIA,SABONETE EM BARRA,183740,6491.611201,7403.611201,2.55,1.31,2.48,2.09,1.27,1.96,1.62
1/4/21,UNILEVER PERFUMARIA,SABONETE EM BARRA,183740,6603.76253,6095.76253,1.86,2.29,1.35,1.77,1.31,1.80,1.56
1/5/21,UNILEVER PERFUMARIA,SABONETE EM BARRA,183740,6381.26609,6579.26609,1.99,2.29,1.98,2.09,1.92,2.12,2.02
1/6/21,UNILEVER PERFUMARIA,SABONETE EM BARRA,183740,6442.087899,6906.087899,2.16,2.29,1.19,2.09,1.15,1.86,1.51
1/7/21,UNILEVER PERFUMARIA,SABONETE EM BARRA,183740,6252.544415,6430.544415,2.92,1.77,2.17,2.39,1.72,2.11,1.91
1/8/21,UNILEVER PERFUMARIA,SABONETE EM BARRA,183740,6566.994387,7545.994387,1.99,1.30,1.62,2.09,1.26,1.67,1.47
1/9/21,UNILEVER PERFUMARIA,SABONETE EM BARRA,183740,6514.855071,6698.855071,2.33,1.90,2.65,1.63,1.58,2.06,1.82
1/10/21,UNILEVER PERFUMARIA,SABONETE EM BARRA,183740,6266.776213,7129.776213,1.08,2.29,0.78,2.09,0.76,1.72,1.24
1/11/21,UNILEVER PERFUMARIA,SABONETE EM BARRA,183740,6655.545436,6177.545436,1.99,2.60,1.69,2.09,1.64,2.13,1.88
1/12/21,UNILEVER PERFUMARIA,SABONETE EM BARRA,183740,6556.961057,6583.961057,1.33,2.29,1.69,2.09,1.29,2.02,1.66
1/13/21,UNILEVER PERFUMARIA,SABONETE EM BARRA,183740,6353.467652,6133.467652,1.99,3.20,1.32,1.15,1.12,1.89,1.50
1/14/21,UNILEVER PERFUMARIA,SABONETE EM BARRA,183740,6532.160494,6553.160494,1.84,2.29,1.77,1.44,1.40,1.83,1.62
1/15/21,UNILEVER PERFUMARIA,SABONETE EM BARRA,183740,6532.276756,7160.276756,1.99,1.72,1.73,1.67,1.62,1.71,1.66
1/16/21,UNILEVER PERFUMARIA,SABONETE EM BARRA,183740,6542.852296,6111.852296,2.73,3.02,2.32,1.81,1.76,2.38,2.07
1/17/21,UNILEVER PERFUMARIA,SABONETE EM BARRA,183740,6501.771087,6436.771087,1.99,1.29,1.69,2.34,1.25,1.77,1.51
1/18/21,UNILEVER PERFUMARIA,SABONETE EM BARRA,183740,6246.215528,5728.215528,1.01,2.36,1.69,1.94,0.98,2.00,1.49
1/19/21,UNILEVER PERFUMARIA,SABONETE EM BARRA,183740,6448.110783,7366.110783,1.55,2.44,1.76,2.09,1.50,2.10,1.80
1/20/21,UNILEVER PERFUMARIA,SABONETE EM BARRA,183740,6378.09457,6468.09457,1.99,2.29,2.26,2.09,1.93,2.21,2.07
1/21/21,UNILEVER PERFUMARIA,SABONETE EM BARRA,183740,6319.466275,5992.466275,2.96,1.97,2.40,1.45,1.41,1.94,1.67
1/22/21,UNILEVER PERFUMARIA,SABONETE EM BARRA,183740,6588.530744,5714.530744,1.99,2.51,1.69,2.09,1.64,2.10,1.87
1/23/21,UNILEVER PERFUMARIA,SABONETE EM BARRA,183740,6736.133987,7245.133987,0.99,1.60,2.14,2.83,0.96,2.19,1.58
1/24/21,UNILEVER PERFUMARIA,SABONETE EM BARRA,183740,6687.835484,6048.835484,1.99,1.53,1.42,2.05,1.38,1.67,1.52
1/25/21,UNILEVER PERFUMARIA,SABONETE EM BARRA,183740,6354.185444,5374.185444,2.86,2.29,1.10,3.01,1.07,2.13,1.60
1/26/21,UNILEVER PERFUMARIA,SABONETE EM BARRA,183740,6332.377571,5880.377571,1.99,2.86,0.81,1.52,0.79,1.73,1.26
1/1/20,P&G PERFUMARIA,CREME DENTAL,349999,4057.046001,3760.046001,1.46,1.76,1.16,1.56,1.13,1.49,1.31
1/2/20,UNILEVER PERFUMARIA,SABONETE EM BARRA,349999,3709.640532,3700.640532,2.11,2.50,0.88,2.09,0.85,1.82,1.34
1/3/20,UNILEVER PERFUMARIA,SABONETE EM BARRA,349999,4077.021776,4737.021776,1.99,0.90,1.69,2.09,0.87,1.56,1.22
1/4/20,UNILEVER PERFUMARIA,SABONETE EM BARRA,349999,3744.178271,3612.178271,1.23,1.51,1.69,1.99,1.19,1.73,1.46
1/5/20,UNILEVER PERFUMARIA,SABONETE EM BARRA,349999,4146.044149,3336.044149,2.47,1.01,1.69,1.94,0.98,1.55,1.26
1/6/20,UNILEVER PERFUMARIA,SABONETE EM BARRA,349999,3951.671155,3399.671155,2.97,1.16,0.87,1.65,0.84,1.23,1.04
1/7/20,UNILEVER PERFUMARIA,SABONETE EM BARRA,349999,3945.26747,3071.26747,1.44,1.76,2.62,2.89,1.40,2.42,1.91
1/8/20,UNILEVER PERFUMARIA,SABONETE EM BARRA,349999,4098.54163,4166.54163,1.74,1.89,1.69,2.57,1.64,2.05,1.84
1/9/20,UNILEVER PERFUMARIA,SABONETE EM BARRA,349999,3968.736383,4469.736383,2.73,1.76,1.69,1.50,1.46,1.65,1.55
1/10/20,UNILEVER PERFUMARIA,SABONETE EM BARRA,349999,3918.872437,3700.872437,1.99,1.71,0.99,2.32,0.96,1.67,1.32
1/11/20,UNILEVER PERFUMARIA,SABONETE EM BARRA,349999,3934.290352,3099.290352,1.99,2.34,1.95,2.95,1.89,2.41,2.15
1/12/20,UNILEVER PERFUMARIA,SABONETE EM BARRA,349999,3822.660402,3411.660402,1.99,2.08,2.56,2.19,1.93,2.28,2.10
1/13/20,UNILEVER PERFUMARIA,SABONETE EM BARRA,349999,4077.726353,4929.726353,1.02,1.42,1.77,3.00,0.99,2.06,1.53
1/14/20,UNILEVER PERFUMARIA,SABONETE EM BARRA,349999,4172.929972,5069.929972,2.17,1.76,2.60,2.55,1.71,2.30,2.01
1/15/20,UNILEVER PERFUMARIA,SABONETE EM BARRA,349999,4023.548363,3073.548363,1.99,1.88,1.99,2.09,1.82,1.99,1.91
1/16/20,UNILEVER PERFUMARIA,SABONETE EM BARRA,349999,3852.759688,3102.759688,1.94,1.76,2.55,2.09,1.71,2.13,1.92
1/17/20,UNILEVER PERFUMARIA,SABONETE EM BARRA,349999,4201.468582,4653.468582,1.99,2.57,1.32,1.61,1.28,1.83,1.56
1/18/20,UNILEVER PERFUMARIA,SABONETE EM BARRA,349999,3752.561556,3519.561556,2.20,1.76,1.16,1.26,1.13,1.39,1.26
1/19/20,UNILEVER PERFUMARIA,SABONETE EM BARRA,349999,4148.573903,3549.573903,1.99,1.76,1.07,2.56,1.04,1.80,1.42
1/20/20,UNILEVER PERFUMARIA,SABONETE EM BARRA,349999,3834.662323,4090.662323,2.46,1.76,1.69,2.82,1.64,2.09,1.86
1/21/20,UNILEVER PERFUMARIA,SABONETE EM BARRA,349999,3830.791408,4310.791408,1.99,1.76,2.09,3.04,1.71,2.30,2.00
1/22/20,UNILEVER PERFUMARIA,SABONETE EM BARRA,349999,4156.277543,4585.277543,1.01,1.44,1.05,2.09,0.98,1.53,1.25
1/23/20,UNILEVER PERFUMARIA,SABONETE EM BARRA,349999,3879.142007,3853.142007,1.20,1.76,1.50,3.02,1.16,2.09,1.63
1/24/20,UNILEVER PERFUMARIA,SABONETE EM BARRA,349999,3777.572494,4001.572494,1.85,1.76,2.08,2.36,1.71,2.07,1.89
1/25/20,UNILEVER PERFUMARIA,SABONETE EM BARRA,349999,4088.467482,4240.467482,2.11,2.59,0.95,1.13,0.92,1.56,1.24
1/26/20,UNILEVER PERFUMARIA,SABONETE EM BARRA,349999,4192.647322,4898.647322,1.71,1.76,1.69,2.09,1.64,1.85,1.74
1/27/20,UNILEVER PERFUMARIA,SABONETE EM BARRA,349999,4143.046595,4171.046595,1.42,0.93,0.74,2.74,0.72,1.47,1.09
1/28/20,UNILEVER PERFUMARIA,SABONETE EM BARRA,349999,3915.31098,4606.31098,2.34,0.80,1.87,2.09,0.78,1.59,1.18
1/29/20,UNILEVER PERFUMARIA,SABONETE EM BARRA,349999,3861.990368,3208.990368,1.90,0.94,2.08,2.73,0.91,1.92,1.41
1/30/20,UNILEVER PERFUMARIA,SABONETE EM BARRA,349999,3792.935212,3960.935212,2.31,1.70,0.74,1.24,0.72,1.23,0.97
1/31/20,UNILEVER PERFUMARIA,SABONETE EM BARRA,349999,3735.358996,4593.358996,1.97,1.89,1.88,1.66,1.61,1.81,1.71
2/1/20,UNILEVER PERFUMARIA,SABONETE EM BARRA,349999,3786.638631,4587.638631,2.52,0.89,2.24,2.09,0.86,1.74,1.30
2/2/20,UNILEVER PERFUMARIA,SABONETE EM BARRA,349999,3990.709482,4441.709482,2.30,1.45,1.42,2.09,1.38,1.65,1.52
2/3/20,UNILEVER PERFUMARIA,SABONETE EM BARRA,349999,4083.055224,4450.055224,1.49,1.76,1.69,2.09,1.45,1.85,1.65
2/4/20,UNILEVER PERFUMARIA,SABONETE EM BARRA,349999,4006.98197,4784.98197,2.64,2.31,1.43,2.09,1.39,1.94,1.67
2/5/20,UNILEVER PERFUMARIA,SABONETE EM BARRA,349999,3926.934148,4255.934148,1.99,2.63,0.92,2.68,0.89,2.08,1.48
2/6/20,UNILEVER PERFUMARIA,SABONETE EM BARRA,349999,3746.818813,4336.818813,1.99,0.96,2.00,1.64,0.93,1.53,1.23
2/7/20,UNILEVER PERFUMARIA,SABONETE EM BARRA,349999,3983.782683,4428.782683,2.71,1.76,2.03,1.71,1.66,1.83,1.75
2/8/20,UNILEVER PERFUMARIA,SABONETE EM BARRA,349999,3922.33602,3454.33602,1.69,2.63,1.69,1.64,1.59,1.99,1.79
2/9/20,UNILEVER PERFUMARIA,SABONETE EM BARRA,349999,4050.898942,3247.898942,1.99,2.48,0.99,3.02,0.96,2.16,1.56
2/10/20,UNILEVER PERFUMARIA,SABONETE EM BARRA,349999,3758.603151,3828.603151,1.99,0.97,1.69,2.09,0.94,1.58,1.26
2/11/20,UNILEVER PERFUMARIA,SABONETE EM BARRA,349999,3733.935578,3127.935578,1.99,1.76,2.04,2.09,1.71,1.96,1.84
2/12/20,UNILEVER PERFUMARIA,SABONETE EM BARRA,349999,4201.75418,3565.75418,1.55,1.26,0.77,1.12,0.75,1.05,0.90
2/13/20,UNILEVER PERFUMARIA,SABONETE EM BARRA,349999,4074.611582,3235.611582,1.94,2.16,1.69,2.66,1.64,2.17,1.90
2/14/20,UNILEVER PERFUMARIA,SABONETE EM BARRA,349999,3945.463236,4247.463236,1.99,1.40,1.17,2.59,1.13,1.72,1.43
2/15/20,UNILEVER PERFUMARIA,SABONETE EM BARRA,349999,3986.055306,3664.055306,1.99,1.60,1.69,2.60,1.55,1.96,1.76
2/16/20,UNILEVER PERFUMARIA,SABONETE EM BARRA,349999,3732.481563,3011.481563,1.99,1.44,1.69,1.29,1.25,1.47,1.36
2/17/20,UNILEVER PERFUMARIA,SABONETE EM BARRA,349999,3803.195092,2943.195092,1.99,1.08,1.55,1.74,1.05,1.46,1.25
2/18/20,UNILEVER PERFUMARIA,SABONETE EM BARRA,349999,4139.557856,3452.557856,2.38,1.25,1.92,2.97,1.21,2.05,1.63
2/19/20,UNILEVER PERFUMARIA,SABONETE EM BARRA,349999,3711.193776,4176.193776,1.99,1.76,1.21,3.01,1.17,1.99,1.58
2/20/20,UNILEVER PERFUMARIA,SABONETE EM BARRA,349999,4114.345516,3552.345516,1.99,2.16,2.37,2.15,1.93,2.23,2.08
2/21/20,UNILEVER PERFUMARIA,SABONETE EM BARRA,349999,3917.045322,3058.045322,2.08,1.68,2.02,2.09,1.63,1.93,1.78
2/22/20,UNILEVER PERFUMARIA,SABONETE EM BARRA,349999,3905.533413,4220.533413,1.37,2.28,1.69,1.99,1.33,1.99,1.66
2/23/20,UNILEVER PERFUMARIA,SABONETE EM BARRA,349999,4153.336911,3163.336911,2.33,2.26,1.30,2.92,1.26,2.16,1.71
2/24/20,UNILEVER PERFUMARIA,SABONETE EM BARRA,349999,4179.551476,3625.551476,1.99,0.83,2.67,2.09,0.81,1.86,1.33
2/25/20,UNILEVER PERFUMARIA,SABONETE EM BARRA,349999,3771.13435,3260.13435,1.99,1.76,1.69,2.90,1.64,2.12,1.88
2/26/20,UNILEVER PERFUMARIA,SABONETE EM BARRA,349999,3734.519644,4690.519644,1.04,2.43,1.61,1.45,1.01,1.83,1.42
2/27/20,UNILEVER PERFUMARIA,SABONETE EM BARRA,349999,3790.45529,3192.45529,1.99,2.57,2.10,2.33,1.93,2.33,2.13
2/28/20,UNILEVER PERFUMARIA,SABONETE EM BARRA,349999,4024.364964,3162.364964,1.00,1.27,0.81,2.09,0.79,1.39,1.09
2/29/20,UNILEVER PERFUMARIA,SABONETE EM BARRA,349999,3815.042259,4045.042259,1.99,1.20,0.71,2.75,0.69,1.55,1.12
3/1/20,UNILEVER PERFUMARIA,SABONETE EM BARRA,349999,4201.020321,3866.020321,1.99,1.45,1.11,1.74,1.08,1.43,1.26
3/2/20,UNILEVER PERFUMARIA,SABONETE EM BARRA,349999,4203.24079,3990.24079,2.03,1.76,1.69,2.09,1.64,1.85,1.74
3/3/20,UNILEVER PERFUMARIA,SABONETE EM BARRA,349999,3867.626209,3324.626209,1.18,2.10,1.69,2.87,1.14,2.22,1.68
3/4/20,UNILEVER PERFUMARIA,SABONETE EM BARRA,349999,4094.734724,4394.734724,1.99,2.57,1.69,2.58,1.64,2.28,1.96
3/5/20,UNILEVER PERFUMARIA,SABONETE EM BARRA,349999,3868.121321,3065.121321,2.75,1.27,1.18,2.09,1.14,1.51,1.33
3/6/20,UNILEVER PERFUMARIA,SABONETE EM BARRA,349999,4143.363779,4885.363779,2.71,1.76,1.78,2.09,1.71,1.88,1.79
3/7/20,UNILEVER PERFUMARIA,SABONETE EM BARRA,349999,4016.696719,3982.696719,1.77,1.33,2.07,1.85,1.29,1.75,1.52
3/8/20,UNILEVER PERFUMARIA,SABONETE EM BARRA,349999,4113.070621,4934.070621,1.99,0.89,2.07,1.86,0.86,1.61,1.23
3/9/20,UNILEVER PERFUMARIA,SABONETE EM BARRA,349999,3821.506475,4516.506475,1.99,1.45,1.90,1.35,1.31,1.57,1.44
3/10/20,UNILEVER PERFUMARIA,SABONETE EM BARRA,349999,4090.257748,4153.257748,1.39,2.27,1.69,2.09,1.35,2.02,1.68
3/11/20,UNILEVER PERFUMARIA,SABONETE EM BARRA,349999,4024.478322,4889.478322,1.99,2.39,2.00,2.09,1.93,2.16,2.05
3/12/20,UNILEVER PERFUMARIA,SABONETE EM BARRA,349999,3803.149865,2814.149865,1.99,1.01,2.09,1.70,0.98,1.60,1.29
3/13/20,UNILEVER PERFUMARIA,SABONETE EM BARRA,349999,4021.260183,3745.260183,1.99,1.76,1.69,2.09,1.64,1.85,1.74
3/14/20,UNILEVER PERFUMARIA,SABONETE EM BARRA,349999,4036.94973,4815.94973,2.80,1.50,1.69,2.05,1.46,1.75,1.60
3/15/20,UNILEVER PERFUMARIA,SABONETE EM BARRA,349999,4002.066115,4905.066115,1.99,2.60,1.49,2.09,1.45,2.06,1.75
3/16/20,UNILEVER PERFUMARIA,SABONETE EM BARRA,349999,4009.773506,4171.773506,1.72,1.76,1.69,2.80,1.64,2.08,1.86
3/17/20,UNILEVER PERFUMARIA,SABONETE EM BARRA,349999,3880.319619,4146.319619,1.99,1.76,1.69,1.70,1.64,1.72,1.68
3/18/20,UNILEVER PERFUMARIA,SABONETE EM BARRA,349999,4002.224478,4280.224478,2.10,1.03,1.53,1.32,1.00,1.29,1.15
3/19/20,UNILEVER PERFUMARIA,SABONETE EM BARRA,349999,4092.504673,3759.504673,1.90,1.76,2.47,1.92,1.71,2.05,1.88
3/20/20,UNILEVER PERFUMARIA,SABONETE EM BARRA,349999,3978.884455,3713.884455,1.91,1.76,2.28,2.66,1.71,2.23,1.97
3/21/20,UNILEVER PERFUMARIA,SABONETE EM BARRA,349999,4076.988238,4301.988238,2.03,1.70,1.69,2.09,1.64,1.83,1.73
3/22/20,UNILEVER PERFUMARIA,SABONETE EM BARRA,349999,3877.514407,4527.514407,1.99,1.25,2.27,1.96,1.21,1.83,1.52
3/23/20,UNILEVER PERFUMARIA,SABONETE EM BARRA,349999,3966.099623,4046.099623,1.99,1.16,2.29,1.96,1.13,1.80,1.46
3/24/20,UNILEVER PERFUMARIA,SABONETE EM BARRA,349999,4048.917427,3984.917427,2.11,1.27,1.91,2.09,1.23,1.76,1.49
3/25/20,UNILEVER PERFUMARIA,SABONETE EM BARRA,349999,3748.581199,4253.581199,1.63,1.12,1.40,1.23,1.09,1.25,1.17
3/26/20,UNILEVER PERFUMARIA,SABONETE EM BARRA,349999,3791.998334,3037.998334,2.66,1.76,1.69,3.06,1.64,2.17,1.90
3/27/20,UNILEVER PERFUMARIA,SABONETE EM BARRA,349999,4092.190716,4601.190716,1.99,2.53,2.58,2.09,1.93,2.40,2.17
3/28/20,UNILEVER PERFUMARIA,SABONETE EM BARRA,349999,3917.838938,3471.838938,1.99,2.46,0.83,3.03,0.81,2.11,1.46
3/29/20,UNILEVER PERFUMARIA,SABONETE EM BARRA,349999,4086.484718,4739.484718,2.17,1.07,1.85,2.09,1.04,1.67,1.35
3/30/20,UNILEVER PERFUMARIA,SABONETE EM BARRA,349999,3714.753677,2907.753677,2.59,1.76,1.06,2.09,1.03,1.64,1.33
3/31/20,UNILEVER PERFUMARIA,SABONETE EM BARRA,349999,4010.84448,3272.84448,1.43,1.76,1.13,2.24,1.10,1.71,1.40
4/1/20,UNILEVER PERFUMARIA,SABONETE EM BARRA,349999,3836.931838,3674.931838,2.84,1.69,2.55,2.09,1.64,2.11,1.87
4/2/20,UNILEVER PERFUMARIA,SABONETE EM BARRA,349999,3872.603741,2886.603741,2.86,1.76,1.69,2.09,1.64,1.85,1.74
4/3/20,UNILEVER PERFUMARIA,SABONETE EM BARRA,349999,3801.293686,4242.293686,1.99,2.44,1.69,2.99,1.64,2.37,2.01
4/4/20,UNILEVER PERFUMARIA,SABONETE EM BARRA,349999,3742.851903,3460.851903,1.73,1.76,0.77,2.09,0.75,1.54,1.14
4/5/20,UNILEVER PERFUMARIA,SABONETE EM BARRA,349999,3800.406298,3584.406298,2.09,1.95,1.86,2.09,1.80,1.97,1.89
4/6/20,UNILEVER PERFUMARIA,SABONETE EM BARRA,349999,3806.120631,4406.120631,1.99,1.43,1.72,1.35,1.31,1.50,1.40
4/7/20,UNILEVER PERFUMARIA,SABONETE EM BARRA,349999,4135.991493,5007.991493,1.07,1.76,1.28,2.41,1.04,1.82,1.43
4/8/20,UNILEVER PERFUMARIA,SABONETE EM BARRA,349999,3849.889835,4087.889835,1.99,1.11,1.93,2.86,1.08,1.97,1.52
4/9/20,UNILEVER PERFUMARIA,SABONETE EM BARRA,349999,4127.768882,3737.768882,1.72,1.27,1.15,1.94,1.12,1.45,1.28
4/10/20,UNILEVER PERFUMARIA,SABONETE EM BARRA,349999,3840.11114,4094.11114,1.00,0.96,0.98,2.09,0.93,1.34,1.14
4/11/20,UNILEVER PERFUMARIA,SABONETE EM BARRA,349999,3973.338231,4345.338231,2.07,2.21,1.69,2.23,1.64,2.04,1.84
4/12/20,UNILEVER PERFUMARIA,SABONETE EM BARRA,349999,4050.292375,3512.292375,1.42,1.27,2.40,1.46,1.23,1.71,1.47
4/13/20,UNILEVER PERFUMARIA,SABONETE EM BARRA,349999,4091.481533,4923.481533,2.70,2.60,1.69,2.93,1.64,2.41,2.02
4/14/20,UNILEVER PERFUMARIA,SABONETE EM BARRA,349999,3950.563064,4238.563064,1.99,2.37,1.50,2.09,1.46,1.99,1.72
4/15/20,UNILEVER PERFUMARIA,SABONETE EM BARRA,349999,3869.384612,4519.384612,2.15,1.00,1.69,2.42,0.97,1.70,1.34
4/16/20,UNILEVER PERFUMARIA,SABONETE EM BARRA,349999,3861.172318,4824.172318,1.95,1.76,0.87,2.96,0.84,1.86,1.35
4/17/20,UNILEVER PERFUMARIA,SABONETE EM BARRA,349999,3944.707281,3352.707281,2.99,2.71,1.76,2.09,1.71,2.19,1.95
4/18/20,UNILEVER PERFUMARIA,SABONETE EM BARRA,349999,4173.764196,3675.764196,1.99,1.48,2.66,2.80,1.44,2.31,1.87
4/19/20,UNILEVER PERFUMARIA,SABONETE EM BARRA,349999,3711.979461,4594.979461,1.28,1.76,1.69,1.46,1.24,1.64,1.44
4/20/20,UNILEVER PERFUMARIA,SABONETE EM BARRA,349999,4043.652719,3916.652719,1.99,2.71,2.20,1.49,1.45,2.13,1.79
4/21/20,UNILEVER PERFUMARIA,SABONETE EM BARRA,349999,3999.057727,4308.057727,1.49,2.60,1.07,2.09,1.04,1.92,1.48
4/22/20,UNILEVER PERFUMARIA,SABONETE EM BARRA,349999,4135.614147,4033.614147,1.69,1.76,1.69,2.92,1.64,2.12,1.88
4/23/20,UNILEVER PERFUMARIA,SABONETE EM BARRA,349999,3746.53854,3309.53854,2.24,1.76,1.69,1.82,1.64,1.76,1.70
4/24/20,UNILEVER PERFUMARIA,SABONETE EM BARRA,349999,3891.345678,3201.345678,2.61,1.24,1.69,2.85,1.20,1.93,1.56
4/25/20,UNILEVER PERFUMARIA,SABONETE EM BARRA,349999,3820.248717,4154.248717,2.11,1.25,0.94,2.09,0.91,1.43,1.17
4/26/20,UNILEVER PERFUMARIA,SABONETE EM BARRA,349999,4146.226912,3938.226912,2.50,1.76,1.52,2.26,1.47,1.85,1.66
4/27/20,UNILEVER PERFUMARIA,SABONETE EM BARRA,349999,4065.224721,3964.224721,1.99,0.94,2.29,2.09,0.91,1.77,1.34
4/28/20,UNILEVER PERFUMARIA,SABONETE EM BARRA,349999,3862.259634,3169.259634,2.18,2.14,1.69,1.97,1.64,1.93,1.79
4/29/20,UNILEVER PERFUMARIA,SABONETE EM BARRA,349999,3774.852516,3965.852516,1.87,2.06,2.54,2.09,1.81,2.23,2.02
4/30/20,UNILEVER PERFUMARIA,SABONETE EM BARRA,349999,4208.489829,3394.489829,1.98,1.76,2.24,1.95,1.71,1.98,1.85
5/1/20,UNILEVER PERFUMARIA,SABONETE EM BARRA,349999,4140.008245,3246.008245,1.99,1.14,0.72,1.23,0.70,1.03,0.86
5/2/20,UNILEVER PERFUMARIA,SABONETE EM BARRA,349999,4102.679895,4260.679895,1.44,2.50,1.69,1.59,1.40,1.93,1.66
5/3/20,UNILEVER PERFUMARIA,SABONETE EM BARRA,349999,3853.040408,4171.040408,1.99,1.76,1.36,1.78,1.32,1.63,1.48
5/4/20,UNILEVER PERFUMARIA,SABONETE EM BARRA,349999,4049.144137,4553.144137,1.99,1.76,0.95,2.79,0.92,1.83,1.38
5/5/20,UNILEVER PERFUMARIA,SABONETE EM BARRA,349999,3946.122436,3751.122436,2.34,1.76,1.69,2.09,1.64,1.85,1.74
5/6/20,UNILEVER PERFUMARIA,SABONETE EM BARRA,349999,3845.366962,4357.366962,1.99,1.78,1.07,1.74,1.04,1.53,1.28
5/7/20,UNILEVER PERFUMARIA,SABONETE EM BARRA,349999,3902.112053,3777.112053,2.49,2.51,1.69,2.43,1.64,2.21,1.92
5/8/20,UNILEVER PERFUMARIA,SABONETE EM BARRA,349999,3811.189712,3706.189712,1.99,1.89,1.18,1.54,1.14,1.54,1.34
5/9/20,UNILEVER PERFUMARIA,SABONETE EM BARRA,349999,3971.205479,4834.205479,1.26,1.76,1.39,2.07,1.22,1.74,1.48
5/10/20,UNILEVER PERFUMARIA,SABONETE EM BARRA,349999,4036.61678,3205.61678,1.99,1.48,1.98,2.09,1.44,1.85,1.64
5/11/20,UNILEVER PERFUMARIA,SABONETE EM BARRA,349999,3945.307055,3839.307055,1.99,1.76,1.95,1.98,1.71,1.90,1.80
5/12/20,UNILEVER PERFUMARIA,SABONETE EM BARRA,349999,3975.964599,3646.964599,1.99,1.76,0.78,2.86,0.76,1.80,1.28
5/13/20,UNILEVER PERFUMARIA,SABONETE EM BARRA,349999,4064.923542,3758.923542,2.43,1.34,1.62,2.51,1.30,1.82,1.56
5/14/20,UNILEVER PERFUMARIA,SABONETE EM BARRA,349999,3969.279918,3583.279918,1.90,1.76,2.09,1.43,1.39,1.76,1.57
5/15/20,UNILEVER PERFUMARIA,SABONETE EM BARRA,349999,3712.423211,3557.423211,1.99,1.37,1.75,1.89,1.33,1.67,1.50
5/16/20,UNILEVER PERFUMARIA,SABONETE EM BARRA,349999,4005.622482,4107.622482,2.31,2.72,1.29,2.85,1.25,2.29,1.77
5/17/20,UNILEVER PERFUMARIA,SABONETE EM BARRA,349999,3970.595298,3839.595298,1.87,1.76,2.01,1.97,1.71,1.91,1.81
5/18/20,UNILEVER PERFUMARIA,SABONETE EM BARRA,349999,3773.922212,3543.922212,1.99,1.61,1.69,2.78,1.56,2.03,1.79
5/19/20,UNILEVER PERFUMARIA,SABONETE EM BARRA,349999,4206.582126,5119.582126,1.99,1.59,1.33,1.79,1.29,1.57,1.43
5/20/20,UNILEVER PERFUMARIA,SABONETE EM BARRA,349999,4080.642642,3850.642642,1.99,1.17,0.75,1.77,0.73,1.23,0.98
5/21/20,UNILEVER PERFUMARIA,SABONETE EM BARRA,349999,4028.900842,3376.900842,1.45,1.76,1.69,2.51,1.41,1.99,1.70
5/22/20,UNILEVER PERFUMARIA,SABONETE EM BARRA,349999,4103.314348,4661.314348,1.99,1.18,1.69,2.87,1.14,1.91,1.53
5/23/20,UNILEVER PERFUMARIA,SABONETE EM BARRA,349999,3763.706431,4744.706431,1.99,0.90,1.64,1.55,0.87,1.36,1.12
5/24/20,UNILEVER PERFUMARIA,SABONETE EM BARRA,349999,3762.118664,3477.118664,1.50,1.76,0.82,2.29,0.80,1.62,1.21
5/25/20,UNILEVER PERFUMARIA,SABONETE EM BARRA,349999,3778.18083,4043.18083,1.99,1.80,2.42,2.55,1.75,2.26,2.00
5/26/20,UNILEVER PERFUMARIA,SABONETE EM BARRA,349999,3786.955305,3908.955305,2.98,1.61,1.69,1.14,1.11,1.48,1.29
5/27/20,UNILEVER PERFUMARIA,SABONETE EM BARRA,349999,4124.043494,4626.043494,1.99,1.33,2.68,2.06,1.29,2.02,1.66
5/28/20,UNILEVER PERFUMARIA,SABONETE EM BARRA,349999,4127.826047,5116.826047,1.99,1.76,1.69,2.51,1.64,1.99,1.81
5/29/20,UNILEVER PERFUMARIA,SABONETE EM BARRA,349999,3817.658768,4351.658768,1.78,1.76,2.27,2.09,1.71,2.04,1.87
5/30/20,UNILEVER PERFUMARIA,SABONETE EM BARRA,349999,3815.34906,3970.34906,1.67,1.76,1.35,2.31,1.31,1.81,1.56
5/31/20,UNILEVER PERFUMARIA,SABONETE EM BARRA,349999,4192.350727,4707.350727,2.45,0.97,1.62,1.14,0.94,1.24,1.09
6/1/20,UNILEVER PERFUMARIA,SABONETE EM BARRA,349999,3722.646324,3282.646324,1.96,1.77,1.69,1.96,1.64,1.81,1.72
6/2/20,UNILEVER PERFUMARIA,SABONETE EM BARRA,349999,4067.290773,3205.290773,2.68,2.33,1.69,2.22,1.64,2.08,1.86
6/3/20,UNILEVER PERFUMARIA,SABONETE EM BARRA,349999,4021.473742,3828.473742,2.93,1.49,1.87,1.66,1.45,1.67,1.56
6/4/20,UNILEVER PERFUMARIA,SABONETE EM BARRA,349999,3842.703206,4098.703206,2.43,1.36,1.69,1.31,1.27,1.45,1.36
6/5/20,UNILEVER PERFUMARIA,SABONETE EM BARRA,349999,3961.499483,3058.499483,2.94,1.80,1.03,2.09,1.00,1.64,1.32
6/6/20,UNILEVER PERFUMARIA,SABONETE EM BARRA,349999,4189.323006,4018.323006,1.99,1.19,0.94,2.09,0.91,1.41,1.16
6/7/20,UNILEVER PERFUMARIA,SABONETE EM BARRA,349999,4169.983473,4486.983473,1.07,2.38,1.69,2.09,1.04,2.05,1.55
6/8/20,UNILEVER PERFUMARIA,SABONETE EM BARRA,349999,4150.265794,3983.265794,1.99,1.76,1.69,2.95,1.64,2.13,1.89
6/9/20,UNILEVER PERFUMARIA,SABONETE EM BARRA,349999,3895.184044,3021.184044,2.49,2.36,0.87,3.00,0.84,2.08,1.46
6/10/20,UNILEVER PERFUMARIA,SABONETE EM BARRA,349999,4061.334274,4724.334274,2.70,1.40,1.69,1.80,1.36,1.63,1.49
6/11/20,UNILEVER PERFUMARIA,SABONETE EM BARRA,349999,3860.298177,4650.298177,2.34,1.46,1.86,1.25,1.21,1.52,1.37
6/12/20,UNILEVER PERFUMARIA,SABONETE EM BARRA,349999,3755.307418,3988.307418,1.99,2.50,1.69,1.14,1.11,1.78,1.44
6/13/20,UNILEVER PERFUMARIA,SABONETE EM BARRA,349999,4208.567174,3787.567174,1.53,1.21,1.73,1.63,1.17,1.52,1.35
6/14/20,UNILEVER PERFUMARIA,SABONETE EM BARRA,349999,4165.682642,3974.682642,1.99,1.76,1.69,2.32,1.64,1.92,1.78
6/15/20,UNILEVER PERFUMARIA,SABONETE EM BARRA,349999,4055.308204,4437.308204,2.27,1.82,2.03,2.46,1.77,2.10,1.93
6/16/20,UNILEVER PERFUMARIA,SABONETE EM BARRA,349999,3867.256936,3406.256936,1.23,1.45,1.50,2.09,1.19,1.68,1.44
6/17/20,UNILEVER PERFUMARIA,SABONETE EM BARRA,349999,3983.506898,3339.506898,1.99,1.76,2.34,2.09,1.71,2.06,1.89
6/18/20,UNILEVER PERFUMARIA,SABONETE EM BARRA,349999,4144.818557,4029.818557,1.99,1.76,0.80,2.09,0.78,1.55,1.16
6/19/20,UNILEVER PERFUMARIA,SABONETE EM BARRA,349999,4081.703947,3687.703947,2.09,1.02,2.06,2.20,0.99,1.76,1.37
6/20/20,UNILEVER PERFUMARIA,SABONETE EM BARRA,349999,3758.134675,4714.134675,2.20,1.17,1.08,1.20,1.05,1.15,1.10
6/21/20,UNILEVER PERFUMARIA,SABONETE EM BARRA,349999,4032.901215,3279.901215,1.99,1.99,1.14,2.84,1.11,1.99,1.55
6/22/20,UNILEVER PERFUMARIA,SABONETE EM BARRA,349999,3865.662247,4398.662247,1.99,1.76,1.75,2.73,1.70,2.08,1.89
6/23/20,UNILEVER PERFUMARIA,SABONETE EM BARRA,349999,3838.335792,3162.335792,1.99,1.82,1.69,2.80,1.64,2.10,1.87
6/24/20,UNILEVER PERFUMARIA,SABONETE EM BARRA,349999,3761.364472,3202.364472,2.11,1.76,1.54,1.22,1.18,1.51,1.35
6/25/20,UNILEVER PERFUMARIA,SABONETE EM BARRA,349999,3748.401105,3420.401105,1.99,1.76,1.69,2.09,1.64,1.85,1.74
6/26/20,UNILEVER PERFUMARIA,SABONETE EM BARRA,349999,4127.363063,3494.363063,2.87,0.88,2.01,1.78,0.85,1.56,1.21
6/27/20,UNILEVER PERFUMARIA,SABONETE EM BARRA,349999,3978.6357,3483.6357,1.01,2.75,1.69,2.32,0.98,2.25,1.62
6/28/20,UNILEVER PERFUMARIA,SABONETE EM BARRA,349999,3732.344166,4592.344166,1.99,1.45,1.35,1.15,1.12,1.32,1.22
6/29/20,UNILEVER PERFUMARIA,SABONETE EM BARRA,349999,3867.905056,4706.905056,1.99,2.22,1.44,1.21,1.17,1.62,1.40
6/30/20,UNILEVER PERFUMARIA,SABONETE EM BARRA,349999,3925.028522,4327.028522,1.32,2.65,1.69,1.54,1.28,1.96,1.62
7/1/20,UNILEVER PERFUMARIA,SABONETE EM BARRA,349999,3813.85575,2872.85575,1.20,1.76,1.69,2.09,1.16,1.85,1.51
7/2/20,UNILEVER PERFUMARIA,SABONETE EM BARRA,349999,4030.634903,3376.634903,1.45,1.72,1.25,1.49,1.21,1.49,1.35
7/3/20,UNILEVER PERFUMARIA,SABONETE EM BARRA,349999,4036.190998,4197.190998,1.99,1.76,2.43,2.09,1.71,2.09,1.90
7/4/20,UNILEVER PERFUMARIA,SABONETE EM BARRA,349999,3804.363639,4519.363639,1.99,2.40,1.69,1.81,1.64,1.97,1.80
7/5/20,UNILEVER PERFUMARIA,SABONETE EM BARRA,349999,3789.092356,4468.092356,1.99,1.76,2.53,2.09,1.71,2.13,1.92
7/6/20,UNILEVER PERFUMARIA,SABONETE EM BARRA,349999,3822.108874,3502.108874,1.55,0.92,1.09,1.41,0.89,1.14,1.02
7/7/20,UNILEVER PERFUMARIA,SABONETE EM BARRA,349999,3953.763998,4781.763998,2.08,2.26,2.29,1.74,1.69,2.10,1.89
7/8/20,UNILEVER PERFUMARIA,SABONETE EM BARRA,349999,4110.660809,4527.660809,1.84,1.77,1.34,1.60,1.30,1.57,1.43
7/9/20,UNILEVER PERFUMARIA,SABONETE EM BARRA,349999,3936.554744,3892.554744,1.99,1.98,1.69,2.09,1.64,1.92,1.78
7/10/20,UNILEVER PERFUMARIA,SABONETE EM BARRA,349999,4137.37099,3650.37099,1.99,1.70,1.69,2.09,1.64,1.83,1.73
7/11/20,UNILEVER PERFUMARIA,SABONETE EM BARRA,349999,3990.865538,3976.865538,2.59,2.44,1.95,1.47,1.43,1.95,1.69
7/12/20,UNILEVER PERFUMARIA,SABONETE EM BARRA,349999,3966.959026,4250.959026,1.23,1.76,0.75,2.09,0.73,1.53,1.13
7/13/20,UNILEVER PERFUMARIA,SABONETE EM BARRA,349999,3921.231035,4826.231035,1.56,1.74,1.64,1.80,1.51,1.73,1.62
7/14/20,UNILEVER PERFUMARIA,SABONETE EM BARRA,349999,4061.435048,3159.435048,2.19,2.55,1.86,2.34,1.80,2.25,2.03
7/15/20,UNILEVER PERFUMARIA,SABONETE EM BARRA,349999,3710.233652,3489.233652,2.26,1.76,1.49,2.09,1.45,1.78,1.61
7/16/20,UNILEVER PERFUMARIA,SABONETE EM BARRA,349999,3815.327566,3478.327566,1.40,1.76,1.69,1.47,1.36,1.64,1.50
7/17/20,UNILEVER PERFUMARIA,SABONETE EM BARRA,349999,3766.965371,3522.965371,2.59,2.30,1.69,2.99,1.64,2.33,1.98
7/18/20,UNILEVER PERFUMARIA,SABONETE EM BARRA,349999,3838.467201,3936.467201,1.82,2.60,1.69,2.95,1.64,2.41,2.03
7/19/20,UNILEVER PERFUMARIA,SABONETE EM BARRA,349999,3924.122166,3547.122166,2.62,1.76,2.64,1.24,1.20,1.88,1.54
7/20/20,UNILEVER PERFUMARIA,SABONETE EM BARRA,349999,4079.116888,4034.116888,1.62,1.49,2.23,2.09,1.45,1.94,1.69
7/21/20,UNILEVER PERFUMARIA,SABONETE EM BARRA,349999,3943.199559,4321.199559,1.99,1.94,1.69,2.40,1.64,2.01,1.82
7/22/20,UNILEVER PERFUMARIA,SABONETE EM BARRA,349999,3875.672357,3450.672357,1.99,0.81,2.14,2.09,0.79,1.68,1.23
7/23/20,UNILEVER PERFUMARIA,SABONETE EM BARRA,349999,3903.70862,4389.70862,1.99,1.67,1.69,2.85,1.62,2.07,1.84
7/24/20,UNILEVER PERFUMARIA,SABONETE EM BARRA,349999,4181.11248,4913.11248,1.99,1.65,1.69,1.80,1.60,1.71,1.66
7/25/20,UNILEVER PERFUMARIA,SABONETE EM BARRA,349999,4049.037074,4417.037074,1.91,1.53,1.61,2.09,1.48,1.74,1.61
7/26/20,UNILEVER PERFUMARIA,SABONETE EM BARRA,349999,3809.336236,3979.336236,2.95,1.77,0.88,1.84,0.85,1.50,1.18
7/27/20,UNILEVER PERFUMARIA,SABONETE EM BARRA,349999,4196.823192,4246.823192,1.59,1.76,0.95,1.86,0.92,1.52,1.22
7/28/20,UNILEVER PERFUMARIA,SABONETE EM BARRA,349999,3966.942209,3340.942209,1.99,1.76,2.14,2.09,1.71,2.00,1.85
7/29/20,UNILEVER PERFUMARIA,SABONETE EM BARRA,349999,3850.655419,4253.655419,1.73,0.82,0.99,2.09,0.80,1.30,1.05
7/30/20,UNILEVER PERFUMARIA,SABONETE EM BARRA,349999,4134.110993,3425.110993,1.98,2.12,1.53,2.14,1.48,1.93,1.71
7/31/20,UNILEVER PERFUMARIA,SABONETE EM BARRA,349999,3841.404152,3048.404152,1.99,1.81,2.64,2.64,1.76,2.36,2.06
8/1/20,UNILEVER PERFUMARIA,SABONETE EM BARRA,349999,3764.048953,3190.048953,2.32,1.76,2.42,1.89,1.71,2.02,1.87
8/2/20,UNILEVER PERFUMARIA,SABONETE EM BARRA,349999,3713.958179,4702.958179,2.10,1.76,1.69,1.26,1.22,1.57,1.40
8/3/20,UNILEVER PERFUMARIA,SABONETE EM BARRA,349999,4051.89641,4969.89641,1.99,1.76,1.88,2.68,1.71,2.11,1.91
8/4/20,UNILEVER PERFUMARIA,SABONETE EM BARRA,349999,4015.397515,3656.397515,2.75,1.36,1.95,2.09,1.32,1.80,1.56
8/5/20,UNILEVER PERFUMARIA,SABONETE EM BARRA,349999,3820.057254,3152.057254,2.03,0.95,1.01,2.09,0.92,1.35,1.14
8/6/20,UNILEVER PERFUMARIA,SABONETE EM BARRA,349999,3761.06896,3510.06896,2.32,2.32,0.85,2.09,0.82,1.75,1.29
8/7/20,UNILEVER PERFUMARIA,SABONETE EM BARRA,349999,4203.079503,3668.079503,1.44,1.76,0.74,2.09,0.72,1.53,1.12
8/8/20,UNILEVER PERFUMARIA,SABONETE EM BARRA,349999,4027.538439,3620.538439,1.01,1.76,1.04,1.69,0.98,1.50,1.24
8/9/20,UNILEVER PERFUMARIA,SABONETE EM BARRA,349999,4051.13595,3324.13595,1.86,1.76,1.69,1.48,1.44,1.64,1.54
8/10/20,UNILEVER PERFUMARIA,SABONETE EM BARRA,349999,3926.778634,4392.778634,2.80,0.89,2.32,2.09,0.86,1.77,1.31
8/11/20,UNILEVER PERFUMARIA,SABONETE EM BARRA,349999,3801.085326,2919.085326,1.84,2.61,2.56,2.09,1.78,2.42,2.10
8/12/20,UNILEVER PERFUMARIA,SABONETE EM BARRA,349999,3880.744175,3098.744175,2.61,1.70,1.69,1.23,1.19,1.54,1.37
8/13/20,UNILEVER PERFUMARIA,SABONETE EM BARRA,349999,3758.205586,2975.205586,1.99,1.76,2.63,1.17,1.13,1.85,1.49
8/14/20,UNILEVER PERFUMARIA,SABONETE EM BARRA,349999,3956.98992,4197.98992,2.94,0.99,1.69,1.18,0.96,1.29,1.12
8/15/20,UNILEVER PERFUMARIA,SABONETE EM BARRA,349999,3980.104196,4067.104196,2.49,1.30,2.10,2.09,1.26,1.83,1.55
8/16/20,UNILEVER PERFUMARIA,SABONETE EM BARRA,349999,4001.100669,4072.100669,1.99,1.76,1.69,2.70,1.64,2.05,1.84
8/17/20,UNILEVER PERFUMARIA,SABONETE EM BARRA,349999,3714.116899,4110.116899,1.15,1.76,1.69,1.37,1.12,1.61,1.36
8/18/20,UNILEVER PERFUMARIA,SABONETE EM BARRA,349999,4122.052415,3350.052415,1.99,1.76,1.49,2.91,1.45,2.05,1.75
8/19/20,UNILEVER PERFUMARIA,SABONETE EM BARRA,349999,3772.931936,3229.931936,2.97,1.76,1.30,2.09,1.26,1.72,1.49
8/20/20,UNILEVER PERFUMARIA,SABONETE EM BARRA,349999,4151.342262,4674.342262,2.30,1.76,1.64,2.49,1.59,1.96,1.78
8/21/20,UNILEVER PERFUMARIA,SABONETE EM BARRA,349999,4184.411998,5129.411998,1.99,1.76,1.69,2.09,1.64,1.85,1.74
8/22/20,UNILEVER PERFUMARIA,SABONETE EM BARRA,349999,4094.670456,3555.670456,1.99,2.30,1.69,1.79,1.64,1.93,1.78
8/23/20,UNILEVER PERFUMARIA,SABONETE EM BARRA,349999,3981.101139,4923.101139,2.89,1.76,1.69,1.70,1.64,1.72,1.68
8/24/20,UNILEVER PERFUMARIA,SABONETE EM BARRA,349999,4111.819453,3825.819453,1.95,2.59,1.70,2.70,1.65,2.33,1.99
8/25/20,UNILEVER PERFUMARIA,SABONETE EM BARRA,349999,4129.097734,4712.097734,1.99,2.00,2.08,2.09,1.93,2.06,1.99
8/26/20,UNILEVER PERFUMARIA,SABONETE EM BARRA,349999,4010.771301,4010.771301,1.99,1.74,0.88,2.09,0.85,1.57,1.21
8/27/20,UNILEVER PERFUMARIA,SABONETE EM BARRA,349999,3798.485478,3199.485478,1.65,1.76,1.78,3.03,1.60,2.19,1.90
8/28/20,UNILEVER PERFUMARIA,SABONETE EM BARRA,349999,3888.089112,4835.089112,2.82,1.76,2.02,2.88,1.71,2.22,1.96
8/29/20,UNILEVER PERFUMARIA,SABONETE EM BARRA,349999,3754.532691,4595.532691,2.57,1.76,0.97,1.18,0.94,1.30,1.12
8/30/20,UNILEVER PERFUMARIA,SABONETE EM BARRA,349999,4101.271073,3805.271073,1.99,1.76,1.69,2.09,1.64,1.85,1.74
8/31/20,UNILEVER PERFUMARIA,SABONETE EM BARRA,349999,4073.812763,3698.812763,1.67,1.76,1.00,2.84,0.97,1.87,1.42
9/1/20,UNILEVER PERFUMARIA,SABONETE EM BARRA,349999,3753.032559,4395.032559,1.99,1.61,1.69,2.09,1.56,1.80,1.68
9/2/20,UNILEVER PERFUMARIA,SABONETE EM BARRA,349999,3823.949479,3495.949479,1.99,2.69,1.84,2.37,1.78,2.30,2.04
9/3/20,UNILEVER PERFUMARIA,SABONETE EM BARRA,349999,3856.837866,3872.837866,1.38,1.92,1.69,2.09,1.34,1.90,1.62
9/4/20,UNILEVER PERFUMARIA,SABONETE EM BARRA,349999,4056.420842,3103.420842,1.99,2.52,2.37,2.09,1.93,2.33,2.13
9/5/20,UNILEVER PERFUMARIA,SABONETE EM BARRA,349999,4140.19524,4002.19524,1.56,0.77,1.69,2.68,0.75,1.71,1.23
9/6/20,UNILEVER PERFUMARIA,SABONETE EM BARRA,349999,3799.673507,2957.673507,2.51,1.76,1.69,2.09,1.64,1.85,1.74
9/7/20,UNILEVER PERFUMARIA,SABONETE EM BARRA,349999,4055.366867,4715.366867,1.99,1.92,2.24,2.50,1.86,2.22,2.04
9/8/20,UNILEVER PERFUMARIA,SABONETE EM BARRA,349999,4076.105234,3340.105234,1.88,1.76,1.69,2.15,1.64,1.87,1.75
9/9/20,UNILEVER PERFUMARIA,SABONETE EM BARRA,349999,4136.221243,4887.221243,2.79,2.24,2.52,1.99,1.93,2.25,2.09
9/10/20,UNILEVER PERFUMARIA,SABONETE EM BARRA,349999,3956.413422,4843.413422,2.73,0.83,1.48,2.09,0.81,1.47,1.14
9/11/20,UNILEVER PERFUMARIA,SABONETE EM BARRA,349999,4007.643232,4521.643232,2.18,1.94,2.10,3.02,1.88,2.35,2.12
9/12/20,UNILEVER PERFUMARIA,SABONETE EM BARRA,349999,4149.738307,4618.738307,0.99,2.57,2.45,3.07,0.96,2.70,1.83
9/13/20,UNILEVER PERFUMARIA,SABONETE EM BARRA,349999,4102.854001,4807.854001,2.00,1.66,2.45,3.00,1.61,2.37,1.99
9/14/20,UNILEVER PERFUMARIA,SABONETE EM BARRA,349999,3769.657104,4735.657104,1.79,1.76,1.70,2.01,1.65,1.82,1.74
9/15/20,UNILEVER PERFUMARIA,SABONETE EM BARRA,349999,3854.638112,3087.638112,1.03,1.04,0.80,2.47,0.78,1.44,1.11
9/16/20,UNILEVER PERFUMARIA,SABONETE EM BARRA,349999,3938.782081,3448.782081,2.36,1.38,0.86,2.91,0.83,1.72,1.28
9/17/20,UNILEVER PERFUMARIA,SABONETE EM BARRA,349999,3917.685802,4002.685802,1.99,0.87,1.51,2.09,0.84,1.49,1.17
9/18/20,UNILEVER PERFUMARIA,SABONETE EM BARRA,349999,4175.682399,5152.682399,1.99,1.76,2.19,2.24,1.71,2.06,1.89
9/19/20,UNILEVER PERFUMARIA,SABONETE EM BARRA,349999,4145.033302,3827.033302,1.77,2.62,2.46,2.09,1.72,2.39,2.05
9/20/20,UNILEVER PERFUMARIA,SABONETE EM BARRA,349999,3864.306916,4280.306916,1.50,1.68,1.69,2.30,1.46,1.89,1.67
9/21/20,UNILEVER PERFUMARIA,SABONETE EM BARRA,349999,3796.519522,4657.519522,1.99,2.07,1.69,2.75,1.64,2.17,1.90
9/22/20,UNILEVER PERFUMARIA,SABONETE EM BARRA,349999,3857.902258,4760.902258,2.08,1.46,1.69,2.09,1.42,1.75,1.58
9/23/20,UNILEVER PERFUMARIA,SABONETE EM BARRA,349999,3747.408889,4711.408889,1.30,1.76,2.10,1.45,1.26,1.77,1.52
9/24/20,UNILEVER PERFUMARIA,SABONETE EM BARRA,349999,3852.496155,4327.496155,1.17,2.12,2.49,2.67,1.13,2.43,1.78
9/25/20,UNILEVER PERFUMARIA,SABONETE EM BARRA,349999,3729.251732,4707.251732,1.06,1.76,1.69,2.09,1.03,1.85,1.44
9/26/20,UNILEVER PERFUMARIA,SABONETE EM BARRA,349999,4025.509251,4589.509251,1.99,1.44,2.27,2.58,1.40,2.10,1.75
9/27/20,UNILEVER PERFUMARIA,SABONETE EM BARRA,349999,4096.218304,4240.218304,1.94,2.21,0.72,3.03,0.70,1.99,1.34
9/28/20,UNILEVER PERFUMARIA,SABONETE EM BARRA,349999,3912.918072,4383.918072,2.90,1.82,1.26,1.92,1.22,1.67,1.44
9/29/20,UNILEVER PERFUMARIA,SABONETE EM BARRA,349999,4068.54107,4619.54107,1.11,1.66,0.85,1.42,0.82,1.31,1.07
9/30/20,UNILEVER PERFUMARIA,SABONETE EM BARRA,349999,4174.596953,3965.596953,1.18,2.06,1.69,2.09,1.14,1.95,1.55
10/1/20,UNILEVER PERFUMARIA,SABONETE EM BARRA,349999,4203.248709,4128.248709,2.53,1.74,2.16,2.72,1.69,2.21,1.95
10/2/20,UNILEVER PERFUMARIA,SABONETE EM BARRA,349999,4175.504645,3810.504645,1.85,1.76,1.19,1.33,1.15,1.43,1.29
10/3/20,UNILEVER PERFUMARIA,SABONETE EM BARRA,349999,4112.278141,4015.278141,1.51,1.43,1.15,2.09,1.12,1.56,1.34
10/4/20,UNILEVER PERFUMARIA,SABONETE EM BARRA,349999,4087.821289,4191.821289,1.99,2.07,1.38,2.77,1.34,2.07,1.71
10/5/20,UNILEVER PERFUMARIA,SABONETE EM BARRA,349999,4074.340587,4961.340587,1.99,2.17,2.64,2.62,1.93,2.48,2.20
10/6/20,UNILEVER PERFUMARIA,SABONETE EM BARRA,349999,4036.60222,3302.60222,1.41,1.75,1.16,2.95,1.13,1.95,1.54
10/7/20,UNILEVER PERFUMARIA,SABONETE EM BARRA,349999,4011.722019,4262.722019,1.46,1.23,1.69,1.36,1.19,1.43,1.31
10/8/20,UNILEVER PERFUMARIA,SABONETE EM BARRA,349999,3791.810698,3131.810698,1.27,1.16,1.69,3.08,1.13,1.98,1.55
10/9/20,UNILEVER PERFUMARIA,SABONETE EM BARRA,349999,4095.227002,4471.227002,2.28,1.76,2.56,3.01,1.71,2.44,2.08
10/10/20,UNILEVER PERFUMARIA,SABONETE EM BARRA,349999,4176.228058,4928.228058,1.06,1.76,2.22,2.09,1.03,2.02,1.53
10/11/20,UNILEVER PERFUMARIA,SABONETE EM BARRA,349999,3967.111096,4226.111096,1.47,0.99,0.86,1.91,0.83,1.25,1.04
10/12/20,UNILEVER PERFUMARIA,SABONETE EM BARRA,349999,4087.878438,4634.878438,2.57,2.67,2.14,2.65,2.08,2.49,2.28
10/13/20,UNILEVER PERFUMARIA,SABONETE EM BARRA,349999,3854.34073,4596.34073,1.99,2.06,1.07,2.09,1.04,1.74,1.39
10/14/20,UNILEVER PERFUMARIA,SABONETE EM BARRA,349999,4025.433609,3398.433609,1.99,1.76,1.86,2.84,1.71,2.15,1.93
10/15/20,UNILEVER PERFUMARIA,SABONETE EM BARRA,349999,3850.032989,4043.032989,2.37,1.76,1.39,1.21,1.17,1.45,1.31
10/16/20,UNILEVER PERFUMARIA,SABONETE EM BARRA,349999,3973.236036,3915.236036,2.17,1.54,1.52,2.35,1.47,1.80,1.64
10/17/20,UNILEVER PERFUMARIA,SABONETE EM BARRA,349999,4083.1413,4036.1413,1.99,1.76,1.32,2.47,1.28,1.85,1.57
10/18/20,UNILEVER PERFUMARIA,SABONETE EM BARRA,349999,4087.898283,3121.898283,1.29,1.76,2.38,1.39,1.25,1.84,1.55
10/19/20,UNILEVER PERFUMARIA,SABONETE EM BARRA,349999,4170.861372,3836.861372,1.99,1.76,1.69,2.09,1.64,1.85,1.74
10/20/20,UNILEVER PERFUMARIA,SABONETE EM BARRA,349999,3794.567631,3076.567631,1.48,1.79,2.38,2.09,1.44,2.09,1.76
10/21/20,UNILEVER PERFUMARIA,SABONETE EM BARRA,349999,3824.055508,4104.055508,1.79,1.76,1.24,1.34,1.20,1.45,1.32
10/22/20,UNILEVER PERFUMARIA,SABONETE EM BARRA,349999,3941.881924,4071.881924,1.55,1.20,1.69,1.15,1.12,1.35,1.23
10/23/20,UNILEVER PERFUMARIA,SABONETE EM BARRA,349999,4168.369558,5067.369558,2.07,2.52,1.41,1.45,1.37,1.79,1.58
10/24/20,UNILEVER PERFUMARIA,SABONETE EM BARRA,349999,4018.643442,3865.643442,1.99,1.42,2.16,2.09,1.38,1.89,1.63
10/25/20,UNILEVER PERFUMARIA,SABONETE EM BARRA,349999,3824.865207,3334.865207,2.56,1.76,1.52,2.09,1.47,1.79,1.63
10/26/20,UNILEVER PERFUMARIA,SABONETE EM BARRA,349999,4033.86183,3750.86183,1.73,1.99,1.75,2.09,1.68,1.94,1.81
10/27/20,UNILEVER PERFUMARIA,SABONETE EM BARRA,349999,4194.909964,5026.909964,1.99,0.88,0.75,2.60,0.73,1.41,1.07
10/28/20,UNILEVER PERFUMARIA,SABONETE EM BARRA,349999,4090.902876,4947.902876,1.43,1.27,2.08,1.89,1.23,1.75,1.49
10/29/20,UNILEVER PERFUMARIA,SABONETE EM BARRA,349999,3968.368819,3428.368819,2.50,2.44,1.69,2.62,1.64,2.25,1.94
10/30/20,UNILEVER PERFUMARIA,SABONETE EM BARRA,349999,3959.382266,3937.382266,2.68,1.57,2.37,1.28,1.24,1.74,1.49
10/31/20,UNILEVER PERFUMARIA,SABONETE EM BARRA,349999,3723.205543,3631.205543,1.91,0.95,2.62,1.34,0.92,1.64,1.28
11/1/20,UNILEVER PERFUMARIA,SABONETE EM BARRA,349999,4185.695974,3206.695974,1.32,2.03,1.69,2.67,1.28,2.13,1.71
11/2/20,UNILEVER PERFUMARIA,SABONETE EM BARRA,349999,3779.437525,3989.437525,1.03,1.92,1.34,1.13,1.00,1.46,1.23
11/3/20,UNILEVER PERFUMARIA,SABONETE EM BARRA,349999,4050.614641,5022.614641,1.99,2.13,1.69,2.09,1.64,1.97,1.80
11/4/20,UNILEVER PERFUMARIA,SABONETE EM BARRA,349999,4184.467712,4117.467712,1.99,1.76,2.41,2.64,1.71,2.27,1.99
11/5/20,UNILEVER PERFUMARIA,SABONETE EM BARRA,349999,4076.742739,3559.742739,1.66,2.43,1.15,2.09,1.12,1.89,1.50
11/6/20,UNILEVER PERFUMARIA,SABONETE EM BARRA,349999,4049.039834,4988.039834,2.87,1.76,0.95,1.61,0.92,1.44,1.18
11/7/20,UNILEVER PERFUMARIA,SABONETE EM BARRA,349999,4199.538978,5068.538978,1.99,1.76,1.05,1.33,1.02,1.38,1.20
11/8/20,UNILEVER PERFUMARIA,SABONETE EM BARRA,349999,3883.074357,3337.074357,2.04,1.89,0.91,2.09,0.88,1.63,1.26
11/9/20,UNILEVER PERFUMARIA,SABONETE EM BARRA,349999,3787.050273,4653.050273,1.25,1.38,1.69,2.92,1.21,2.00,1.60
11/10/20,UNILEVER PERFUMARIA,SABONETE EM BARRA,349999,3786.897868,3620.897868,2.38,1.76,2.28,2.09,1.71,2.04,1.88
11/11/20,UNILEVER PERFUMARIA,SABONETE EM BARRA,349999,3807.539387,4386.539387,1.99,1.97,1.87,2.11,1.81,1.98,1.90
11/12/20,UNILEVER PERFUMARIA,SABONETE EM BARRA,349999,3849.0969,4286.0969,1.99,0.99,1.69,1.29,0.96,1.32,1.14
11/13/20,UNILEVER PERFUMARIA,SABONETE EM BARRA,349999,3748.212244,4129.212244,2.68,2.52,2.20,2.72,2.13,2.48,2.31
11/14/20,UNILEVER PERFUMARIA,SABONETE EM BARRA,349999,4156.50792,3823.50792,1.03,1.76,1.69,2.09,1.00,1.85,1.42
11/15/20,UNILEVER PERFUMARIA,SABONETE EM BARRA,349999,4084.426366,3298.426366,1.11,1.54,2.66,1.61,1.08,1.94,1.51
11/16/20,UNILEVER PERFUMARIA,SABONETE EM BARRA,349999,4174.419502,3393.419502,1.99,1.16,1.69,2.13,1.13,1.66,1.39
11/17/20,UNILEVER PERFUMARIA,SABONETE EM BARRA,349999,3970.122293,3168.122293,1.99,2.43,1.69,1.18,1.14,1.77,1.46
11/18/20,UNILEVER PERFUMARIA,SABONETE EM BARRA,349999,4035.598143,4375.598143,1.99,2.31,1.69,2.09,1.64,2.03,1.83
11/19/20,UNILEVER PERFUMARIA,SABONETE EM BARRA,349999,3844.213042,4187.213042,1.99,1.79,2.18,2.73,1.74,2.23,1.98
11/20/20,UNILEVER PERFUMARIA,SABONETE EM BARRA,349999,3860.660264,3087.660264,1.61,1.78,1.69,1.45,1.41,1.64,1.52
11/21/20,UNILEVER PERFUMARIA,SABONETE EM BARRA,349999,4161.51686,4332.51686,1.99,1.76,1.77,2.09,1.71,1.87,1.79
11/22/20,UNILEVER PERFUMARIA,SABONETE EM BARRA,349999,4106.027354,4277.027354,1.99,2.04,0.71,3.02,0.69,1.92,1.31
11/23/20,UNILEVER PERFUMARIA,SABONETE EM BARRA,349999,4024.35021,3351.35021,2.87,2.45,1.69,2.12,1.64,2.09,1.86
11/24/20,UNILEVER PERFUMARIA,SABONETE EM BARRA,349999,3831.097993,3790.097993,1.99,1.26,0.91,2.49,0.88,1.55,1.22
11/25/20,UNILEVER PERFUMARIA,SABONETE EM BARRA,349999,4012.697963,4587.697963,1.35,1.76,2.50,2.92,1.31,2.39,1.85
11/26/20,UNILEVER PERFUMARIA,SABONETE EM BARRA,349999,3924.859256,3034.859256,2.02,1.10,1.69,1.65,1.07,1.48,1.27
11/27/20,UNILEVER PERFUMARIA,SABONETE EM BARRA,349999,3891.262369,4505.262369,2.76,1.76,1.69,2.09,1.64,1.85,1.74
11/28/20,UNILEVER PERFUMARIA,SABONETE EM BARRA,349999,3851.031354,3526.031354,1.99,1.76,1.04,2.47,1.01,1.76,1.38
11/29/20,UNILEVER PERFUMARIA,SABONETE EM BARRA,349999,4201.69512,4651.69512,1.71,0.78,1.37,2.43,0.76,1.53,1.14
11/30/20,UNILEVER PERFUMARIA,SABONETE EM BARRA,349999,4015.486231,4144.486231,1.81,1.76,1.69,2.62,1.64,2.02,1.83
12/1/20,UNILEVER PERFUMARIA,SABONETE EM BARRA,349999,3930.73978,4822.73978,1.02,0.91,1.72,2.12,0.88,1.58,1.23
12/2/20,UNILEVER PERFUMARIA,SABONETE EM BARRA,349999,4011.084936,3687.084936,2.33,2.54,2.55,2.09,2.03,2.39,2.21
12/3/20,UNILEVER PERFUMARIA,SABONETE EM BARRA,349999,3876.314272,4081.314272,1.57,1.67,0.79,2.90,0.77,1.79,1.28
12/4/20,UNILEVER PERFUMARIA,SABONETE EM BARRA,349999,4205.41085,5017.41085,1.98,1.64,0.90,2.09,0.87,1.54,1.21
12/5/20,UNILEVER PERFUMARIA,SABONETE EM BARRA,349999,4115.379965,3924.379965,1.14,1.34,1.39,2.09,1.11,1.61,1.36
12/6/20,UNILEVER PERFUMARIA,SABONETE EM BARRA,349999,4171.897182,4308.897182,2.44,1.40,1.69,2.09,1.36,1.73,1.54
12/7/20,UNILEVER PERFUMARIA,SABONETE EM BARRA,349999,3939.373237,2988.373237,1.02,2.07,1.69,2.72,0.99,2.16,1.57
12/8/20,UNILEVER PERFUMARIA,SABONETE EM BARRA,349999,3946.133445,4160.133445,1.99,2.35,1.69,2.09,1.64,2.04,1.84
12/9/20,UNILEVER PERFUMARIA,SABONETE EM BARRA,349999,3844.265287,4582.265287,2.85,2.43,1.19,2.09,1.15,1.90,1.53
12/10/20,UNILEVER PERFUMARIA,SABONETE EM BARRA,349999,4207.678907,3304.678907,1.76,1.76,1.69,2.44,1.64,1.96,1.80
12/11/20,UNILEVER PERFUMARIA,SABONETE EM BARRA,349999,3933.484148,3508.484148,1.39,1.76,2.23,2.09,1.35,2.03,1.69
12/12/20,UNILEVER PERFUMARIA,SABONETE EM BARRA,349999,3960.230417,2977.230417,2.07,1.76,2.17,2.09,1.71,2.01,1.86
12/13/20,UNILEVER PERFUMARIA,SABONETE EM BARRA,349999,3782.472115,4373.472115,1.16,1.76,1.69,1.91,1.13,1.79,1.46
12/14/20,UNILEVER PERFUMARIA,SABONETE EM BARRA,349999,3785.467551,4634.467551,1.99,1.38,1.69,2.98,1.34,2.02,1.68
12/15/20,UNILEVER PERFUMARIA,SABONETE EM BARRA,349999,3718.226656,3995.226656,2.02,1.48,1.54,1.97,1.44,1.66,1.55
12/16/20,UNILEVER PERFUMARIA,SABONETE EM BARRA,349999,3970.73997,3187.73997,1.99,1.61,1.73,2.09,1.56,1.81,1.69
12/17/20,UNILEVER PERFUMARIA,SABONETE EM BARRA,349999,3970.916674,3509.916674,1.35,2.67,2.33,1.36,1.31,2.12,1.71
12/18/20,UNILEVER PERFUMARIA,SABONETE EM BARRA,349999,3879.67189,4473.67189,2.31,1.76,1.69,3.04,1.64,2.16,1.90
12/19/20,UNILEVER PERFUMARIA,SABONETE EM BARRA,349999,4150.252962,4752.252962,1.05,1.60,1.69,2.84,1.02,2.04,1.53
12/20/20,UNILEVER PERFUMARIA,SABONETE EM BARRA,349999,3957.879409,3028.879409,1.99,2.68,2.55,2.09,1.93,2.44,2.19
12/21/20,UNILEVER PERFUMARIA,SABONETE EM BARRA,349999,3914.382977,3929.382977,1.63,1.76,2.44,2.09,1.58,2.10,1.84
12/22/20,UNILEVER PERFUMARIA,SABONETE EM BARRA,349999,4176.904916,4839.904916,1.66,0.92,2.12,2.54,0.89,1.86,1.38
12/23/20,UNILEVER PERFUMARIA,SABONETE EM BARRA,349999,3858.229147,4706.229147,2.06,1.76,0.84,2.99,0.81,1.86,1.34
12/24/20,UNILEVER PERFUMARIA,SABONETE EM BARRA,349999,4023.627263,3517.627263,1.99,2.56,1.69,2.32,1.64,2.19,1.91
12/25/20,UNILEVER PERFUMARIA,SABONETE EM BARRA,349999,4017.944199,3075.944199,1.81,1.37,1.69,2.97,1.33,2.01,1.67
12/26/20,UNILEVER PERFUMARIA,SABONETE EM BARRA,349999,3907.668082,2952.668082,2.23,1.26,1.69,2.82,1.22,1.92,1.57
12/27/20,UNILEVER PERFUMARIA,SABONETE EM BARRA,349999,3995.338444,3742.338444,1.99,2.11,1.90,1.85,1.79,1.95,1.87
12/28/20,UNILEVER PERFUMARIA,SABONETE EM BARRA,349999,4026.12575,4645.12575,2.32,1.76,2.51,2.66,1.71,2.31,2.01
12/29/20,UNILEVER PERFUMARIA,SABONETE EM BARRA,349999,3870.518027,4078.518027,1.74,1.47,1.69,1.51,1.43,1.56,1.49
12/30/20,UNILEVER PERFUMARIA,SABONETE EM BARRA,349999,3828.196119,3551.196119,1.99,1.76,2.11,3.02,1.71,2.30,2.00
12/31/20,UNILEVER PERFUMARIA,SABONETE EM BARRA,349999,4079.049801,3139.049801,2.64,1.76,1.50,2.21,1.46,1.82,1.64
1/1/21,UNILEVER PERFUMARIA,SABONETE EM BARRA,349999,3924.039838,3577.039838,1.99,1.03,1.69,2.23,1.00,1.65,1.32
1/2/21,UNILEVER PERFUMARIA,SABONETE EM BARRA,349999,3949.237113,4094.237113,1.99,0.96,0.74,2.09,0.72,1.26,0.99
1/3/21,UNILEVER PERFUMARIA,SABONETE EM BARRA,349999,3710.484016,3255.484016,1.93,1.74,1.93,2.09,1.69,1.92,1.80
1/4/21,UNILEVER PERFUMARIA,SABONETE EM BARRA,349999,3941.071396,3740.071396,2.74,1.05,2.68,1.50,1.02,1.74,1.38
1/5/21,UNILEVER PERFUMARIA,SABONETE EM BARRA,349999,3960.187572,4566.187572,1.99,1.77,2.68,2.78,1.72,2.41,2.06
1/6/21,UNILEVER PERFUMARIA,SABONETE EM BARRA,349999,3979.476634,4052.476634,2.00,1.76,1.69,1.80,1.64,1.75,1.69
1/7/21,UNILEVER PERFUMARIA,SABONETE EM BARRA,349999,4099.915282,4188.915282,2.93,2.21,1.69,2.09,1.64,2.00,1.82
1/8/21,UNILEVER PERFUMARIA,SABONETE EM BARRA,349999,3770.345001,3177.345001,2.23,1.04,1.69,1.80,1.01,1.51,1.26
1/9/21,UNILEVER PERFUMARIA,SABONETE EM BARRA,349999,3931.336303,3300.336303,1.30,1.76,1.69,2.09,1.26,1.85,1.55
1/10/21,UNILEVER PERFUMARIA,SABONETE EM BARRA,349999,3814.250334,4642.250334,1.91,1.96,1.71,3.06,1.66,2.24,1.95
1/11/21,UNILEVER PERFUMARIA,SABONETE EM BARRA,349999,3796.143571,3048.143571,1.94,2.52,1.83,2.95,1.78,2.43,2.10
1/12/21,UNILEVER PERFUMARIA,SABONETE EM BARRA,349999,3949.07712,3404.07712,2.94,1.76,1.30,3.02,1.26,2.03,1.64
1/13/21,UNILEVER PERFUMARIA,SABONETE EM BARRA,349999,3798.131241,3461.131241,1.84,1.66,1.48,2.09,1.44,1.74,1.59
1/14/21,UNILEVER PERFUMARIA,SABONETE EM BARRA,349999,4114.946808,4350.946808,1.08,2.35,1.93,2.29,1.05,2.19,1.62
1/15/21,UNILEVER PERFUMARIA,SABONETE EM BARRA,349999,3764.236158,3147.236158,1.99,2.48,1.72,2.61,1.67,2.27,1.97
1/16/21,UNILEVER PERFUMARIA,SABONETE EM BARRA,349999,4155.893285,4904.893285,1.15,2.71,1.36,1.57,1.12,1.88,1.50
1/17/21,UNILEVER PERFUMARIA,SABONETE EM BARRA,349999,3958.076262,3772.076262,1.99,1.76,2.55,2.09,1.71,2.13,1.92
1/18/21,UNILEVER PERFUMARIA,SABONETE EM BARRA,349999,4173.694186,3213.694186,2.72,1.75,1.69,1.34,1.30,1.59,1.45
1/19/21,UNILEVER PERFUMARIA,SABONETE EM BARRA,349999,4149.105238,3506.105238,2.81,0.91,1.69,1.52,0.88,1.37,1.13
1/20/21,UNILEVER PERFUMARIA,SABONETE EM BARRA,349999,3713.139889,3139.139889,1.53,1.23,0.71,1.31,0.69,1.08,0.89
1/21/21,UNILEVER PERFUMARIA,SABONETE EM BARRA,349999,3971.702184,4940.702184,1.99,1.76,1.41,2.09,1.37,1.75,1.56
1/22/21,UNILEVER PERFUMARIA,SABONETE EM BARRA,349999,4158.976325,4257.976325,1.99,1.58,1.69,1.19,1.15,1.49,1.32
1/23/21,UNILEVER PERFUMARIA,SABONETE EM BARRA,349999,4047.131804,3962.131804,1.99,2.25,2.68,2.84,1.93,2.59,2.26
1/24/21,UNILEVER PERFUMARIA,SABONETE EM BARRA,349999,4003.907868,3407.907868,1.99,2.22,2.23,2.36,1.93,2.27,2.10
1/25/21,UNILEVER PERFUMARIA,SABONETE EM BARRA,349999,3793.786762,3681.786762,2.76,1.76,1.16,2.52,1.13,1.81,1.47
1/26/21,UNILEVER PERFUMARIA,SABONETE EM BARRA,349999,4016.3425,3908.3425,2.16,2.76,0.94,1.81,0.91,1.84,1.37